ride_date,num_rides,avg_duration_min,temp_f,max_temp_f,min_temp_f,wind_speed_knots,precip_in,month,day_of_week_Monday,day_of_week_Saturday,day_of_week_Sunday,day_of_week_Thursday,day_of_week_Tuesday,day_of_week_Wednesday,days_since_launch,year
2013-07-01,16650,16.309987987987984,74.8,78.1,73.4,7.8,0.0,7,True,False,False,False,False,False,0,2013
2013-07-02,22745,15.968826115629804,76.1,82.9,73.0,8.0,0.73,7,False,False,False,False,True,False,1,2013
2013-07-03,21864,16.238808086351995,78.5,84.9,73.9,8.8,0.06,7,False,False,False,False,False,True,2,2013
2013-07-04,22326,21.21847397652961,82.0,91.0,73.9,8.6,0.96,7,False,False,False,True,False,False,3,2013
2013-07-05,21842,18.040443488081067,84.4,93.0,75.9,9.0,0.0,7,False,False,False,False,False,False,4,2013
2013-07-06,20467,19.326261787267303,87.0,95.0,77.0,9.3,0.0,7,False,True,False,False,False,False,5,2013
2013-07-07,20477,18.63832348488548,88.8,98.1,79.0,8.8,0.0,7,False,False,True,False,False,False,6,2013
2013-07-08,21615,21.49216439201171,83.7,98.1,75.0,8.9,0.0,7,True,False,False,False,False,False,7,2013
2013-07-09,26641,16.098854522477883,82.6,91.0,75.0,6.0,0.0,7,False,False,False,False,True,False,8,2013
2013-07-10,25732,15.531954375874394,82.0,91.0,75.0,8.7,0.08,7,False,False,False,False,False,True,9,2013
2013-07-11,24417,16.828634421373085,82.3,91.0,75.0,7.6,0.02,7,False,False,False,True,False,False,10,2013
2013-07-12,19006,15.635127503595356,75.4,86.0,72.0,9.1,0.0,7,False,False,False,False,False,False,11,2013
2013-07-13,26119,18.615661013055625,71.4,78.1,68.0,10.5,0.23,7,False,True,False,False,False,False,12,2013
2013-07-14,29287,19.36267115102264,80.2,93.9,69.1,6.0,0.01,7,False,False,True,False,False,False,13,2013
2013-07-15,28069,15.318282328072488,87.2,93.9,72.0,7.8,0.0,7,True,False,False,False,False,False,14,2013
2013-07-16,29842,15.128550923753991,86.5,93.9,79.0,7.9,0.0,7,False,False,False,False,True,False,15,2013
2013-07-17,30550,14.669449536279323,87.4,97.0,78.1,4.0,0.0,7,False,False,False,False,False,True,16,2013
2013-07-18,28869,14.380492338956437,89.3,100.0,78.1,6.3,0.0,7,False,False,False,True,False,False,17,2013
2013-07-19,26591,14.67105286249734,92.5,100.0,82.9,8.9,0.0,7,False,False,False,False,False,False,18,2013
2013-07-20,25278,17.947821557612688,89.2,100.0,82.9,11.3,0.0,7,False,True,False,False,False,False,19,2013
2013-07-21,30297,18.70789902190536,82.2,95.0,77.0,7.6,0.0,7,False,False,True,False,False,False,20,2013
2013-07-22,25979,14.700189255424254,77.1,87.1,75.0,8.3,0.0,7,True,False,False,False,False,False,21,2013
2013-07-23,32376,15.737208117123796,80.0,91.0,75.0,7.4,0.58,7,False,False,False,False,True,False,22,2013
2013-07-24,35271,15.592202753914924,79.9,91.0,75.0,7.8,0.31,7,False,False,False,False,False,True,23,2013
2013-07-25,31084,14.937073199502423,68.0,82.9,64.0,11.7,0.0,7,False,False,False,True,False,False,24,2013
2013-07-26,34534,15.667923881778345,71.5,84.0,64.0,8.6,0.02,7,False,False,False,False,False,False,25,2013
2013-07-27,32470,18.914398419053484,76.9,84.0,64.9,8.5,0.0,7,False,True,False,False,False,False,26,2013
2013-07-28,23508,17.54357310986331,74.8,84.0,71.1,7.6,0.0,7,False,False,True,False,False,False,27,2013
2013-07-29,34915,15.691451620602413,77.3,89.1,71.1,5.7,0.13,7,True,False,False,False,False,False,28,2013
2013-07-30,37334,15.828179853931177,75.9,89.1,70.0,8.7,0.0,7,False,False,False,False,True,False,29,2013
2013-07-31,37261,15.392547167279462,76.1,82.0,70.0,6.2,0.0,7,False,False,False,False,False,True,30,2013
2013-08-01,20138,13.377141887641942,73.5,82.0,69.1,7.6,0.0,8,False,False,False,True,False,False,31,2013
2013-08-02,35792,16.090496479660263,75.5,86.0,69.1,7.3,0.5,8,False,False,False,False,False,False,32,2013
2013-08-03,29540,18.49214680658993,76.4,86.0,70.0,8.1,0.0,8,False,True,False,False,False,False,33,2013
2013-08-04,35253,19.71996000340397,74.6,81.0,70.0,8.7,0.01,8,False,False,True,False,False,False,34,2013
2013-08-05,36776,16.118436842868537,71.5,81.0,64.0,9.4,0.0,8,True,False,False,False,False,False,35,2013
2013-08-06,37702,16.159205081958515,73.9,82.0,64.0,6.3,0.0,8,False,False,False,False,True,False,36,2013
2013-08-07,34396,14.686894793968293,74.4,82.0,66.9,9.5,0.0,8,False,False,False,False,False,True,37,2013
2013-08-08,28366,14.319887071376533,75.0,82.0,71.1,9.1,0.16,8,False,False,False,True,False,False,38,2013
2013-08-09,29017,15.138192553790304,78.2,89.1,71.1,9.2,0.08,8,False,False,False,False,False,False,39,2013
2013-08-10,37201,20.443239877064237,78.3,89.1,72.0,8.9,0.04,8,False,True,False,False,False,False,40,2013
2013-08-11,33060,19.430590340794524,74.8,84.0,66.9,5.7,0.0,8,False,False,True,False,False,False,41,2013
2013-08-12,31457,15.305080480232274,74.8,82.0,66.9,5.5,0.09,8,True,False,False,False,False,False,42,2013
2013-08-13,22437,15.649830636894416,74.0,82.0,70.0,5.3,0.01,8,False,False,False,False,True,False,43,2013
2013-08-14,38150,15.555132372214938,69.5,78.1,62.1,12.4,0.73,8,False,False,False,False,False,True,44,2013
2013-08-15,37386,15.29837506018296,69.8,78.1,62.1,8.2,0.0,8,False,False,False,True,False,False,45,2013
2013-08-16,35991,16.389049114130383,72.6,81.0,63.0,3.7,0.0,8,False,False,False,False,False,False,46,2013
2013-08-17,37285,20.1042461222118,73.6,81.0,66.9,5.2,0.0,8,False,True,False,False,False,False,47,2013
2013-08-18,27612,16.943679680332227,72.5,81.0,68.0,5.2,0.0,8,False,False,True,False,False,False,48,2013
2013-08-19,33127,14.89228172387076,73.5,80.1,68.0,5.5,0.0,8,True,False,False,False,False,False,49,2013
2013-08-20,35843,14.974709148229774,77.5,89.1,68.0,4.5,0.0,8,False,False,False,False,True,False,50,2013
2013-08-21,36315,15.094893294781771,81.1,90.0,70.0,4.5,0.0,8,False,False,False,False,False,True,51,2013
2013-08-22,26629,14.405246786085344,77.5,90.0,73.0,5.8,0.0,8,False,False,False,True,False,False,52,2013
2013-08-23,33503,15.743948303137032,76.2,81.0,72.0,9.0,0.24,8,False,False,False,False,False,False,53,2013
2013-08-24,32941,18.07967173633668,71.5,81.0,64.0,8.9,0.0,8,False,True,False,False,False,False,54,2013
2013-08-25,31755,19.063203694956176,73.8,82.9,64.0,4.8,0.0,8,False,False,True,False,False,False,55,2013
2013-08-26,29979,15.474954134560855,75.3,84.0,66.9,9.1,0.0,8,True,False,False,False,False,False,56,2013
2013-08-27,34208,15.067807725288434,78.3,86.0,70.0,10.6,0.01,8,False,False,False,False,True,False,57,2013
2013-08-28,28185,14.159055644255211,78.0,86.0,73.0,3.2,0.1,8,False,False,False,False,False,True,58,2013
2013-08-29,34215,14.31313556432364,74.6,84.9,71.1,7.3,0.0,8,False,False,False,True,False,False,59,2013
2013-08-30,32318,15.444152897250245,75.4,86.0,69.1,7.4,0.0,8,False,False,False,False,False,False,60,2013
2013-08-31,25381,17.85857925219653,78.5,86.0,69.1,8.8,0.0,8,False,True,False,False,False,False,61,2013
2013-09-01,25235,18.3748913546001,79.6,86.0,73.0,8.0,0.0,9,False,False,True,False,False,False,62,2013
2013-09-02,21416,16.858852415639394,76.9,80.6,71.6,4.8,0.0,9,True,False,False,False,False,False,63,2013
2013-09-03,32411,14.437786553947731,76.2,82.0,72.0,6.7,0.99,9,False,False,False,False,True,False,64,2013
2013-09-04,36798,15.071607152562638,73.3,82.0,66.0,10.4,0.09,9,False,False,False,False,False,True,65,2013
2013-09-05,35825,14.598231681786467,74.3,82.0,66.0,9.3,0.0,9,False,False,False,True,False,False,66,2013
2013-09-06,35868,14.809940150923756,64.8,77.0,57.0,7.5,0.0,9,False,False,False,False,False,False,67,2013
2013-09-07,34419,17.375818104341597,68.3,79.0,57.0,6.5,0.0,9,False,True,False,False,False,False,68,2013
2013-09-08,33196,17.081960175924806,73.9,80.1,61.0,8.7,0.0,9,False,False,True,False,False,False,69,2013
2013-09-09,35394,15.262479987191805,65.9,80.1,57.9,7.7,0.0,9,True,False,False,False,False,False,70,2013
2013-09-10,36954,14.481477873392148,74.8,88.0,57.9,8.8,0.0,9,False,False,False,False,True,False,71,2013
2013-09-11,35812,14.02912990059198,83.6,93.9,69.1,7.5,0.0,9,False,False,False,False,False,True,72,2013
2013-09-12,31252,13.678643500149322,80.6,88.0,71.1,8.4,0.0,9,False,False,False,True,False,False,73,2013
2013-09-13,36501,14.655901208186082,71.3,86.0,68.0,9.4,1.3,9,False,False,False,False,False,False,74,2013
2013-09-14,31607,16.69070511806456,61.6,77.0,55.9,10.8,0.03,9,False,True,False,False,False,False,75,2013
2013-09-15,31914,17.26867048944037,61.5,73.0,54.0,6.9,0.0,9,False,False,True,False,False,False,76,2013
2013-09-16,31287,13.804180650110268,65.8,73.0,54.0,6.9,0.0,9,True,False,False,False,False,False,77,2013
2013-09-17,38283,13.883002028750791,58.2,72.0,48.9,10.1,0.02,9,False,False,False,False,True,False,78,2013
2013-09-18,37957,13.932727384496497,61.8,71.1,48.9,5.0,0.0,9,False,False,False,False,False,True,79,2013
2013-09-19,39200,14.11445620748299,65.0,77.0,55.0,5.4,0.0,9,False,False,False,True,False,False,80,2013
2013-09-20,39382,14.811446853892644,68.1,78.1,57.0,5.8,0.0,9,False,False,False,False,False,False,81,2013
2013-09-21,31826,17.04590691049247,67.4,78.1,61.0,9.4,0.0,9,False,True,False,False,False,False,82,2013
2013-09-22,29758,16.50093868315523,66.3,75.9,61.0,12.9,0.98,9,False,False,True,False,False,False,83,2013
2013-09-23,35152,13.871636037778792,58.5,68.0,52.0,10.6,0.53,9,True,False,False,False,False,False,84,2013
2013-09-24,38417,13.784679525557264,59.1,73.0,50.0,8.0,0.0,9,False,False,False,False,True,False,85,2013
2013-09-25,38223,13.994420898411956,64.1,73.0,50.0,5.4,0.0,9,False,False,False,False,False,True,86,2013
2013-09-26,38189,13.785808304311017,63.9,72.0,55.0,6.2,0.0,9,False,False,False,True,False,False,87,2013
2013-09-27,37412,14.230190402366445,61.5,69.1,57.0,6.4,0.0,9,False,False,False,False,False,False,88,2013
2013-09-28,34931,17.024874753084656,64.4,73.0,57.0,7.3,0.0,9,False,True,False,False,False,False,89,2013
2013-09-29,32592,16.523521109474718,64.6,73.0,57.9,4.9,0.0,9,False,False,True,False,False,False,90,2013
2013-09-30,37148,13.728397221923125,63.9,73.0,57.9,4.1,0.0,9,True,False,False,False,False,False,91,2013
2013-10-01,40575,13.706243992606282,68.9,81.0,57.9,5.5,0.0,10,False,False,False,False,True,False,92,2013
2013-10-02,41383,13.913752023777878,73.9,84.0,62.1,6.0,0.0,10,False,False,False,False,False,True,93,2013
2013-10-03,40456,13.72464240986092,72.6,84.0,64.9,4.3,0.0,10,False,False,False,True,False,False,94,2013
2013-10-04,40195,14.673060082099768,74.0,86.0,64.9,4.9,0.0,10,False,False,False,False,False,False,95,2013
2013-10-05,34181,16.759140068069005,68.3,86.0,64.0,6.7,0.03,10,False,True,False,False,False,False,96,2013
2013-10-06,26574,14.685509018840468,66.5,73.0,64.0,7.6,0.01,10,False,False,True,False,False,False,97,2013
2013-10-07,25016,12.651673595565503,70.7,77.0,64.0,11.8,0.33,10,True,False,False,False,False,False,98,2013
2013-10-08,38365,13.779678960858416,61.6,77.0,55.9,10.2,0.0,10,False,False,False,False,True,False,99,2013
2013-10-09,36969,12.8412223755038,59.7,66.0,54.0,12.3,0.0,10,False,False,False,False,False,True,100,2013
2013-10-10,31171,12.400746420283811,59.1,66.0,54.0,13.2,0.0,10,False,False,False,True,False,False,101,2013
2013-10-11,33357,13.34256727723317,63.7,69.1,54.0,16.4,0.0,10,False,False,False,False,False,False,102,2013
2013-10-12,32457,16.876973636914478,65.7,72.0,60.1,15.5,0.0,10,False,True,False,False,False,False,103,2013
2013-10-13,28832,15.950881543655196,60.9,72.0,57.0,15.0,0.0,10,False,False,True,False,False,False,104,2013
2013-10-14,33018,13.908640741413771,58.0,64.9,53.1,6.6,0.0,10,True,False,False,False,False,False,105,2013
2013-10-15,37534,13.481594465462424,60.4,70.0,53.1,4.7,0.0,10,False,False,False,False,True,False,106,2013
2013-10-16,36911,13.337352460422824,60.1,70.0,55.9,5.6,0.0,10,False,False,False,False,False,True,107,2013
2013-10-17,36888,13.387314302754286,64.7,73.0,57.0,6.7,0.0,10,False,False,False,True,False,False,108,2013
2013-10-18,38122,13.878873091653116,64.2,73.0,57.9,11.5,0.01,10,False,False,False,False,False,False,109,2013
2013-10-19,29548,15.6138994178963,59.4,69.1,54.0,5.9,0.0,10,False,True,False,False,False,False,110,2013
2013-10-20,29256,15.9085281651627,58.4,64.0,51.1,10.4,0.0,10,False,False,True,False,False,False,111,2013
2013-10-21,35012,13.790265718420354,59.3,66.9,51.1,7.3,0.0,10,True,False,False,False,False,False,112,2013
2013-10-22,36338,12.581991762525911,59.6,68.0,52.0,7.6,0.0,10,False,False,False,False,True,False,113,2013
2013-10-23,32365,12.02263041351254,52.8,68.0,50.0,7.8,0.0,10,False,False,False,False,False,True,114,2013
2013-10-24,32251,12.11527549533348,48.4,55.0,43.0,11.8,0.0,10,False,False,False,True,False,False,115,2013
2013-10-25,30979,12.511262468123569,47.4,55.0,42.1,13.0,0.0,10,False,False,False,False,False,False,116,2013
2013-10-26,24569,14.574459006607244,49.5,55.9,42.1,10.1,0.0,10,False,True,False,False,False,False,117,2013
2013-10-27,23965,14.660169691911811,53.0,59.0,43.0,10.3,0.0,10,False,False,True,False,False,False,118,2013
2013-10-28,31498,12.784571507185644,53.0,61.0,44.1,7.7,0.0,10,True,False,False,False,False,False,119,2013
2013-10-29,33414,12.575373097105002,50.5,61.0,44.1,8.0,0.0,10,False,False,False,False,True,False,120,2013
2013-10-30,35069,12.16037478494777,52.9,60.1,44.1,4.5,0.0,10,False,False,False,False,False,True,121,2013
2013-10-31,31444,12.92803873552983,59.3,66.9,48.0,6.2,0.0,10,False,False,False,True,False,False,122,2013
2013-11-01,30384,13.633155059680536,65.9,70.0,53.1,12.1,0.05,11,False,False,False,False,False,False,123,2013
2013-11-02,31013,16.587990520104466,61.5,70.0,55.0,5.7,0.05,11,False,True,False,False,False,False,124,2013
2013-11-03,20798,13.26386030708081,50.9,68.0,42.1,11.2,0.01,11,False,False,True,False,False,False,125,2013
2013-11-04,27142,12.367596345147737,39.5,55.9,34.0,10.3,0.0,11,True,False,False,False,False,False,126,2013
2013-11-05,31493,12.214110013865518,46.8,55.0,34.0,6.7,0.0,11,False,False,False,False,True,False,127,2013
2013-11-06,34826,13.00569832883478,53.2,61.0,42.1,5.9,0.0,11,False,False,False,False,False,True,128,2013
2013-11-07,25719,11.869835530152804,58.3,63.0,46.9,9.2,0.0,11,False,False,False,True,False,False,129,2013
2013-11-08,28686,12.60913047014804,46.0,63.0,41.0,14.2,0.08,11,False,False,False,False,False,False,130,2013
2013-11-09,21734,14.408419220269314,44.3,50.0,39.9,10.3,0.0,11,False,True,False,False,False,False,131,2013
2013-11-10,19712,13.91395427489177,50.1,60.1,39.9,11.0,0.0,11,False,False,True,False,False,False,132,2013
2013-11-11,27295,12.653236856567135,48.6,60.1,44.1,13.6,0.0,11,True,False,False,False,False,False,133,2013
2013-11-12,19925,11.081814303638646,43.9,53.1,34.0,13.4,0.02,11,False,False,False,False,True,False,134,2013
2013-11-13,23633,11.125149861069977,34.0,52.0,30.0,13.4,0.01,11,False,False,False,False,False,True,135,2013
2013-11-14,27040,13.027827292899408,41.0,53.1,30.0,11.6,0.0,11,False,False,False,True,False,False,136,2013
2013-11-15,29051,12.719770403772674,49.1,57.0,34.0,6.2,0.0,11,False,False,False,False,False,False,137,2013
2013-11-16,25194,15.311708475562964,51.9,59.0,43.0,5.5,0.03,11,False,True,False,False,False,False,138,2013
2013-11-17,17995,13.467926275817357,52.6,60.8,48.2,4.5,0.02,11,False,False,True,False,False,False,139,2013
2013-11-18,30615,13.219170885731394,60.3,64.9,48.9,11.4,0.25,11,True,False,False,False,False,False,140,2013
2013-11-19,27417,11.477858019963284,48.3,64.9,41.0,16.8,0.23,11,False,False,False,False,True,False,141,2013
2013-11-20,26229,11.413486344631258,38.0,51.1,32.0,9.0,0.0,11,False,False,False,False,False,True,142,2013
2013-11-21,28752,11.77222859859024,41.6,52.0,32.0,6.4,0.0,11,False,False,False,True,False,False,143,2013
2013-11-22,25448,12.094384627475636,52.4,57.0,36.0,6.4,0.0,11,False,False,False,False,False,False,144,2013
2013-11-23,18996,14.306489962799192,47.4,57.0,39.9,12.8,0.07,11,False,True,False,False,False,False,145,2013
2013-11-24,9392,11.097677101078933,29.4,55.0,24.1,22.2,0.02,11,False,False,True,False,False,False,146,2013
2013-11-25,19116,11.0175263304736,27.9,35.1,24.1,11.9,0.0,11,True,False,False,False,False,False,147,2013
2013-11-26,14999,13.040990510478478,36.0,39.9,24.1,7.0,0.0,11,False,False,False,False,True,False,148,2013
2013-11-27,7976,11.025576730190576,48.0,60.1,34.0,13.7,1.91,11,False,False,False,False,False,True,149,2013
2013-11-28,5204,13.90529400461184,34.1,39.2,30.9,17.9,0.3,11,False,False,False,True,False,False,150,2013
2013-11-29,10127,13.154390902208617,34.1,39.0,30.9,7.2,0.0,11,False,False,False,False,False,False,151,2013
2013-11-30,9863,13.679970597181384,31.3,39.0,25.0,7.2,0.0,11,False,True,False,False,False,False,152,2013
2013-12-01,13326,13.558320826454546,41.1,48.9,25.0,3.2,0.0,12,False,False,True,False,False,False,153,2013
2013-12-02,24576,12.382666693793404,44.2,48.9,37.0,4.5,0.0,12,True,False,False,False,False,False,154,2013
2013-12-03,27431,12.168702684310936,44.0,53.1,37.9,4.0,0.0,12,False,False,False,False,True,False,155,2013
2013-12-04,28199,12.26993628615672,43.8,53.1,37.9,4.3,0.0,12,False,False,False,False,False,True,156,2013
2013-12-05,26988,12.38379032656489,48.6,57.9,39.0,5.3,0.01,12,False,False,False,True,False,False,157,2013
2013-12-06,10736,11.621933991554892,50.5,57.9,42.8,7.1,0.05,12,False,False,False,False,False,False,158,2013
2013-12-07,15545,12.230484614559884,38.2,43.0,35.6,10.7,0.81,12,False,True,False,False,False,False,159,2013
2013-12-08,10090,12.172482656095148,32.1,37.9,28.4,8.7,0.13,12,False,False,True,False,False,False,160,2013
2013-12-09,14824,10.718746627091203,34.5,39.2,28.9,10.9,0.19,12,True,False,False,False,False,False,161,2013
2013-12-10,12850,11.553900129701686,36.0,39.0,32.0,8.5,0.07,12,False,False,False,False,True,False,162,2013
2013-12-11,18766,11.960985292550358,30.7,39.0,27.0,13.2,0.22,12,False,False,False,False,False,True,163,2013
2013-12-12,17214,11.461365748809108,27.6,34.0,23.0,12.5,0.0,12,False,False,False,True,False,False,164,2013
2013-12-13,17888,12.056676729278474,28.2,35.1,23.0,13.0,0.0,12,False,False,False,False,False,False,165,2013
2013-12-14,3701,12.055358912005763,28.6,35.1,24.1,12.0,0.0,12,False,True,False,False,False,False,166,2013
2013-12-15,7462,15.2261458054141,33.7,39.0,24.1,14.2,1.21,12,False,False,True,False,False,False,167,2013
2013-12-16,15562,11.222348241442829,31.0,39.0,26.1,12.0,0.77,12,True,False,False,False,False,False,168,2013
2013-12-17,7863,12.22394548306414,27.2,34.0,24.1,7.3,0.0,12,False,False,False,False,True,False,169,2013
2013-12-18,14924,11.485891852050388,28.6,37.0,24.1,9.4,0.16,12,False,False,False,False,False,True,170,2013
2013-12-19,18766,11.242665814060896,36.6,45.0,24.1,9.6,0.0,12,False,False,False,True,False,False,171,2013
2013-12-20,22066,14.084528233481374,45.2,52.0,30.9,5.4,0.0,12,False,False,False,False,False,False,172,2013
2013-12-21,17940,14.476455778520991,53.6,60.1,37.9,6.6,0.0,12,False,True,False,False,False,False,173,2013
2013-12-22,15063,15.070312465422996,58.4,69.1,50.0,9.0,0.01,12,False,False,True,False,False,False,174,2013
2013-12-23,6956,11.88599051178838,58.5,69.1,50.0,6.2,0.09,12,True,False,False,False,False,False,175,2013
2013-12-24,11025,12.736034769463345,39.2,62.1,34.0,10.7,0.44,12,False,False,False,False,True,False,176,2013
2013-12-25,3260,13.754074642126788,25.6,42.1,19.0,10.3,0.0,12,False,False,False,False,False,True,177,2013
2013-12-26,9763,11.935071187135105,31.7,36.0,19.0,6.2,0.0,12,False,False,False,True,False,False,178,2013
2013-12-27,11720,12.436033845278727,35.6,39.9,30.0,10.3,0.0,12,False,False,False,False,False,False,179,2013
2013-12-28,12022,16.25609438252094,42.4,55.0,32.0,9.3,0.0,12,False,True,False,False,False,False,180,2013
2013-12-29,3775,12.156847682119206,45.2,55.0,36.0,7.1,0.0,12,False,False,True,False,False,False,181,2013
2013-12-30,13241,12.348442967550287,40.5,48.0,28.9,11.3,1.2,12,True,False,False,False,False,False,182,2013
2013-12-31,10424,13.239233179841392,26.0,44.1,21.0,9.9,0.0,12,False,False,False,False,True,False,183,2013
2014-01-01,6059,15.377444022666005,28.9,33.1,21.0,9.4,0.0,1,False,False,False,False,False,True,184,2014
2014-01-02,8600,12.98032751937984,28.9,33.1,25.0,14.2,0.01,1,False,False,False,True,False,False,185,2014
2014-01-03,1144,13.388869463869463,16.6,32.0,10.9,16.7,0.3,1,False,False,False,False,False,False,186,2014
2014-01-04,2292,20.398247527632343,15.8,27.0,9.0,6.8,0.25,1,False,True,False,False,False,False,187,2014
2014-01-05,2678,13.737303958177748,29.1,35.6,26.1,4.8,0.0,1,False,False,True,False,False,False,188,2014
2014-01-06,9510,12.805073606729762,44.7,53.1,25.0,11.2,0.17,1,True,False,False,False,False,False,189,2014
2014-01-07,6267,12.10168873996064,14.0,36.0,3.9,19.6,0.24,1,False,False,False,False,True,False,190,2014
2014-01-08,9246,10.233461316605377,12.9,21.9,3.9,11.4,0.0,1,False,False,False,False,False,True,191,2014
2014-01-09,13354,10.86489690978982,25.7,33.1,9.0,7.0,0.0,1,False,False,False,True,False,False,192,2014
2014-01-10,9847,11.194096340679057,30.2,34.0,23.0,4.8,0.0,1,False,False,False,False,False,False,193,2014
2014-01-11,7695,12.369558154645876,43.7,55.0,27.0,9.2,0.22,1,False,True,False,False,False,False,194,2014
2014-01-12,12515,12.069734984685049,47.6,55.9,34.0,13.6,0.45,1,False,False,True,False,False,False,195,2014
2014-01-13,20633,11.779531171747523,41.8,54.0,35.1,8.9,0.02,1,True,False,False,False,False,False,196,2014
2014-01-14,9999,11.116034936827017,45.8,50.0,35.1,6.6,0.02,1,False,False,False,False,True,False,197,2014
2014-01-15,21630,11.704905994760365,42.4,50.0,36.0,5.5,0.36,1,False,False,False,False,False,True,198,2014
2014-01-16,19953,11.388402746454169,39.1,41.0,37.0,5.9,0.0,1,False,False,False,True,False,False,199,2014
2014-01-17,20301,12.211397632300544,38.3,46.0,33.1,5.5,0.0,1,False,False,False,False,False,False,200,2014
2014-01-18,9438,14.084099738645191,37.5,46.0,32.0,7.7,0.0,1,False,True,False,False,False,False,201,2014
2014-01-19,9028,13.605822625904592,29.8,39.0,25.0,12.1,0.15,1,False,False,True,False,False,False,202,2014
2014-01-20,13407,13.103310459710103,39.6,46.0,25.0,11.1,0.0,1,True,False,False,False,False,False,203,2014
2014-01-21,3804,14.296617595513492,25.7,46.0,14.0,12.5,0.0,1,False,False,False,False,True,False,204,2014
2014-01-22,2451,16.576716986264106,12.6,32.0,7.0,16.6,0.25,1,False,False,False,False,False,True,205,2014
2014-01-23,5071,15.40198843094722,13.5,21.0,7.0,11.9,0.0,1,False,False,False,True,False,False,206,2014
2014-01-24,6176,13.034348013816924,15.7,21.0,8.1,12.8,0.0,1,False,False,False,False,False,False,207,2014
2014-01-25,4338,11.466901029660365,22.0,27.0,10.9,12.6,0.0,1,False,True,False,False,False,False,208,2014
2014-01-26,4980,11.962151941097726,21.9,27.0,18.0,12.7,0.02,1,False,False,True,False,False,False,209,2014
2014-01-27,13119,10.53511192418121,33.7,44.1,18.0,9.4,0.0,1,True,False,False,False,False,False,210,2014
2014-01-28,10033,14.218656766005514,18.5,28.0,12.9,11.8,0.0,1,False,False,False,False,True,False,211,2014
2014-01-29,10021,11.171130625686065,18.2,23.0,12.9,8.1,0.05,1,False,False,False,False,False,True,212,2014
2014-01-30,12158,11.191953172122604,21.6,28.9,14.0,7.5,0.0,1,False,False,False,True,False,False,213,2014
2014-01-31,14653,11.705812234127256,30.5,39.0,18.0,7.3,0.0,1,False,False,False,False,False,False,214,2014
2014-02-01,12771,13.671289118575938,38.2,44.1,26.1,3.2,0.0,2,False,True,False,False,False,False,215,2014
2014-02-02,13816,13.738225004825322,40.3,55.0,30.0,3.3,0.0,2,False,False,True,False,False,False,216,2014
2014-02-03,2600,13.292378205128204,35.6,55.0,30.0,8.2,0.27,2,True,False,False,False,False,False,217,2014
2014-02-04,8709,12.54232977379722,29.6,42.1,25.0,6.2,0.81,2,False,False,False,False,True,False,218,2014
2014-02-05,2746,15.422347657198353,31.5,36.0,25.0,9.0,0.74,2,False,False,False,False,False,True,219,2014
2014-02-06,7196,17.346933481563838,28.4,34.0,21.9,8.6,0.44,2,False,False,False,True,False,False,220,2014
2014-02-07,8495,17.482438689425155,28.5,33.1,21.9,8.9,0.0,2,False,False,False,False,False,False,221,2014
2014-02-08,5986,17.37770353045995,26.8,33.1,21.9,8.0,0.0,2,False,True,False,False,False,False,222,2014
2014-02-09,4996,17.12208433413398,26.1,28.9,21.0,6.5,0.0,2,False,False,True,False,False,False,223,2014
2014-02-10,6846,14.403897653130777,25.9,28.9,21.0,12.4,0.1,2,True,False,False,False,False,False,224,2014
2014-02-11,8343,16.451386391785526,22.6,28.9,18.0,11.3,0.0,2,False,False,False,False,True,False,225,2014
2014-02-12,8580,14.081419968919969,19.0,26.1,14.0,9.2,0.0,2,False,False,False,False,False,True,226,2014
2014-02-13,876,81.11008371385084,28.7,36.0,14.0,15.8,0.18,2,False,False,False,True,False,False,227,2014
2014-02-14,3609,28.90618361503648,35.4,39.9,24.1,16.4,1.75,2,False,False,False,False,False,False,228,2014
2014-02-15,2261,18.35047176765444,34.5,39.0,30.2,9.7,0.25,2,False,True,False,False,False,False,229,2014
2014-02-16,3003,21.346797646797665,27.2,37.0,21.9,14.0,0.05,2,False,False,True,False,False,False,230,2014
2014-02-17,4854,16.11834226067848,24.4,33.1,19.0,11.2,0.0,2,True,False,False,False,False,False,231,2014
2014-02-18,5140,14.629364461738003,30.6,39.9,19.0,7.2,0.05,2,False,False,False,False,True,False,232,2014
2014-02-19,8506,14.15800415393056,36.4,45.0,25.0,5.3,0.1,2,False,False,False,False,False,True,233,2014
2014-02-20,11792,13.573103233830844,42.5,50.0,28.0,8.1,0.25,2,False,False,False,True,False,False,234,2014
2014-02-21,8680,11.75462173579109,37.1,46.9,33.8,8.2,0.02,2,False,False,False,False,False,False,235,2014
2014-02-22,13044,16.47136997853419,45.5,55.0,34.0,9.4,0.11,2,False,True,False,False,False,False,236,2014
2014-02-23,13324,15.58153332332633,48.0,55.0,37.9,5.2,0.0,2,False,False,True,False,False,False,237,2014
2014-02-24,12922,12.587243976680597,40.0,54.0,33.1,13.2,0.0,2,True,False,False,False,False,False,238,2014
2014-02-25,12830,11.434589503767208,28.7,44.1,24.1,12.9,0.0,2,False,False,False,False,True,False,239,2014
2014-02-26,11188,11.072612024788466,28.0,33.1,24.1,9.2,0.0,2,False,False,False,False,False,True,240,2014
2014-02-27,12036,10.512638473468485,24.7,33.1,19.0,9.6,0.01,2,False,False,False,True,False,False,241,2014
2014-02-28,9587,11.090424533222077,17.3,33.1,10.0,13.3,0.0,2,False,False,False,False,False,False,242,2014
2014-03-01,9202,11.874632326305871,26.6,37.9,10.0,5.6,0.0,3,False,True,False,False,False,False,243,2014
2014-03-02,8195,11.21615009151922,36.6,39.0,21.0,6.0,0.0,3,False,False,True,False,False,False,244,2014
2014-03-03,7708,11.456964625497315,25.9,39.0,19.9,10.6,0.01,3,True,False,False,False,False,False,245,2014
2014-03-04,10398,10.333017567480926,20.3,32.0,12.9,6.4,0.0,3,False,False,False,False,True,False,246,2014
2014-03-05,13801,10.518999830930124,30.6,37.0,12.9,5.1,0.0,3,False,False,False,False,False,True,247,2014
2014-03-06,12773,10.194545786685456,24.2,37.0,16.0,10.2,0.0,3,False,False,False,True,False,False,248,2014
2014-03-07,13304,11.046503557827217,29.2,36.0,16.0,10.2,0.0,3,False,False,False,False,False,False,249,2014
2014-03-08,16350,15.866276248725788,41.6,55.9,26.1,7.3,0.0,3,False,True,False,False,False,False,250,2014
2014-03-09,12262,12.70534034687109,41.4,55.9,35.1,11.3,0.0,3,False,False,True,False,False,False,251,2014
2014-03-10,17231,11.223293289226778,41.9,51.1,35.1,8.7,0.0,3,True,False,False,False,False,False,252,2014
2014-03-11,24356,12.94828447473586,52.3,64.9,37.0,7.0,0.0,3,False,False,False,False,True,False,253,2014
2014-03-12,15101,10.971585766946998,48.1,64.9,39.0,7.4,0.0,3,False,False,False,False,False,True,254,2014
2014-03-13,10979,10.652381819837869,28.8,54.0,19.0,20.9,0.35,3,False,False,False,True,False,False,255,2014
2014-03-14,16299,10.919300775098684,29.7,44.1,19.0,12.9,0.0,3,False,False,False,False,False,False,256,2014
2014-03-15,18053,14.778114440813155,47.9,57.9,39.0,11.1,0.0,3,False,True,False,False,False,False,257,2014
2014-03-16,9851,12.279863296450443,37.7,57.9,30.0,14.2,0.0,3,False,False,True,False,False,False,258,2014
2014-03-17,12503,10.62121357540857,28.3,33.1,23.0,9.3,0.0,3,True,False,False,False,False,False,259,2014
2014-03-18,16679,11.34588504506665,32.1,41.0,23.0,9.4,0.0,3,False,False,False,False,True,False,260,2014
2014-03-19,13341,10.864158109087274,35.8,45.0,27.0,9.4,0.0,3,False,False,False,False,False,True,261,2014
2014-03-20,19695,11.966702208682408,45.3,53.1,30.9,11.4,0.99,3,False,False,False,True,False,False,262,2014
2014-03-21,20718,12.22039128616018,43.7,53.1,39.0,14.1,0.0,3,False,False,False,False,False,False,263,2014
2014-03-22,19880,16.057806002682767,48.4,63.0,37.0,9.7,0.0,3,False,True,False,False,False,False,264,2014
2014-03-23,11740,12.281138557637702,41.5,63.0,35.1,11.0,0.0,3,False,False,True,False,False,False,265,2014
2014-03-24,13598,10.486559297935974,28.1,42.1,21.9,12.8,0.0,3,True,False,False,False,False,False,266,2014
2014-03-25,16037,10.424924653405665,31.6,37.9,21.9,7.5,0.0,3,False,False,False,False,True,False,267,2014
2014-03-26,14500,10.198148275862073,33.4,37.9,26.1,16.8,0.0,3,False,False,False,False,False,True,268,2014
2014-03-27,16666,11.41353154126165,30.1,42.1,23.0,12.7,0.0,3,False,False,False,True,False,False,269,2014
2014-03-28,18425,12.244414292175485,44.9,60.1,23.0,8.1,0.0,3,False,False,False,False,False,False,270,2014
2014-03-29,4480,11.066566220238098,48.3,60.1,37.9,6.7,0.03,3,False,True,False,False,False,False,271,2014
2014-03-30,7907,12.754502339699004,44.1,55.0,41.0,12.4,1.97,3,False,False,True,False,False,False,272,2014
2014-03-31,17085,11.829745390693592,42.1,53.1,35.6,15.2,0.29,3,True,False,False,False,False,False,273,2014
2014-04-01,23908,12.85338868440132,45.9,59.0,36.0,8.5,0.02,4,False,False,False,False,True,False,274,2014
2014-04-02,22515,12.002125249833446,45.6,59.0,39.0,5.7,0.0,4,False,False,False,False,False,True,275,2014
2014-04-03,26321,12.89166888289452,50.7,64.0,41.0,3.9,0.0,4,False,False,False,True,False,False,276,2014
2014-04-04,12566,10.684554883548197,44.7,51.1,39.2,9.8,0.09,4,False,False,False,False,False,False,277,2014
2014-04-05,18655,14.951773429822207,45.3,54.0,39.0,12.8,0.17,4,False,True,False,False,False,False,278,2014
2014-04-06,20750,16.59472530120482,44.9,59.0,37.0,9.7,0.0,4,False,False,True,False,False,False,279,2014
2014-04-07,14677,11.32383207285776,46.1,59.0,37.0,6.9,0.0,4,True,False,False,False,False,False,280,2014
2014-04-08,21884,12.14988347651252,51.0,64.9,41.0,10.7,0.99,4,False,False,False,False,True,False,281,2014
2014-04-09,26931,12.847673065735895,51.4,64.9,43.0,13.2,0.01,4,False,False,False,False,False,True,282,2014
2014-04-10,27463,12.728735025306776,49.8,59.0,42.1,10.4,0.0,4,False,False,False,True,False,False,283,2014
2014-04-11,26798,13.810168047366714,59.2,73.9,42.1,8.8,0.0,4,False,False,False,False,False,False,284,2014
2014-04-12,27108,17.636654001278835,58.8,73.9,48.9,6.6,0.0,4,False,True,False,False,False,False,285,2014
2014-04-13,26871,18.37864426333222,59.8,73.9,48.9,8.2,0.0,4,False,False,True,False,False,False,286,2014
2014-04-14,28832,14.838482126341102,61.7,73.9,50.0,10.5,0.0,4,True,False,False,False,False,False,287,2014
2014-04-15,10523,10.554770502708354,56.9,61.0,44.6,13.7,0.1,4,False,False,False,False,True,False,288,2014
2014-04-16,20082,11.889953689871527,38.9,46.9,32.0,14.1,0.82,4,False,False,False,False,False,True,289,2014
2014-04-17,22282,12.433921251832574,41.1,46.9,32.0,11.4,0.05,4,False,False,False,True,False,False,290,2014
2014-04-18,20770,12.430917188252284,39.9,46.9,35.1,7.1,0.0,4,False,False,False,False,False,False,291,2014
2014-04-19,24369,18.437031337628405,50.6,64.9,35.1,6.8,0.0,4,False,True,False,False,False,False,292,2014
2014-04-20,18464,16.7138007293472,51.6,64.9,42.1,9.2,0.0,4,False,False,True,False,False,False,293,2014
2014-04-21,27124,13.895182003637617,49.9,63.0,41.0,5.4,0.0,4,True,False,False,False,False,False,294,2014
2014-04-22,27259,12.70597050515426,56.4,66.0,41.0,7.7,0.0,4,False,False,False,False,True,False,295,2014
2014-04-23,26949,12.40897312207008,55.6,66.0,48.0,16.0,0.0,4,False,False,False,False,False,True,296,2014
2014-04-24,28107,13.0153905907188,49.4,62.1,43.0,17.9,0.0,4,False,False,False,True,False,False,297,2014
2014-04-25,27919,13.529182635481211,52.3,60.1,43.0,8.9,0.0,4,False,False,False,False,False,False,298,2014
2014-04-26,19899,16.16024842119369,52.0,64.0,44.6,8.2,0.7,4,False,True,False,False,False,False,299,2014
2014-04-27,21926,15.819971723068504,51.3,64.0,45.0,10.8,0.06,4,False,False,True,False,False,False,300,2014
2014-04-28,28557,13.4427396668651,53.7,64.0,46.0,7.3,0.0,4,True,False,False,False,False,False,301,2014
2014-04-29,18404,11.008666594218653,49.9,64.0,44.1,13.4,0.0,4,False,False,False,False,True,False,302,2014
2014-04-30,2867,9.49539588419952,44.5,51.1,42.1,14.1,0.55,4,False,False,False,False,False,True,303,2014
2014-05-01,26762,14.309317315596738,59.3,77.0,42.1,7.9,4.88,5,False,False,False,True,False,False,304,2014
2014-05-02,32377,14.010143002748867,62.8,77.0,48.9,7.6,0.01,5,False,False,False,False,False,False,305,2014
2014-05-03,25501,18.08919127354483,61.7,69.1,54.0,7.2,0.0,5,False,True,False,False,False,False,306,2014
2014-05-04,21277,15.43626372765584,58.7,69.1,54.0,12.2,0.03,5,False,False,True,False,False,False,307,2014
2014-05-05,30288,14.396794109878504,57.5,66.9,50.0,15.6,0.0,5,True,False,False,False,False,False,308,2014
2014-05-06,32233,14.299347459642808,59.2,68.0,50.0,8.6,0.0,5,False,False,False,False,True,False,309,2014
2014-05-07,32882,13.28873446465138,59.0,68.0,51.1,7.0,0.0,5,False,False,False,False,False,True,310,2014
2014-05-08,17619,12.222241141192272,55.6,68.0,51.1,6.7,0.32,5,False,False,False,True,False,False,311,2014
2014-05-09,22641,12.287202420387793,54.9,63.0,52.0,5.5,0.09,5,False,False,False,False,False,False,312,2014
2014-05-10,21832,15.364831440087949,65.4,82.0,52.0,7.1,0.02,5,False,True,False,False,False,False,313,2014
2014-05-11,28326,18.773016545458823,69.3,82.0,55.0,9.8,0.93,5,False,False,True,False,False,False,314,2014
2014-05-12,31644,14.38998546327898,73.2,82.0,62.1,4.4,0.02,5,True,False,False,False,False,False,315,2014
2014-05-13,32847,13.422771232278944,65.8,82.0,59.0,7.7,0.0,5,False,False,False,False,True,False,316,2014
2014-05-14,30044,12.947753295167084,56.5,71.1,51.1,7.1,0.0,5,False,False,False,False,False,True,317,2014
2014-05-15,26057,12.978048764887236,60.7,75.0,51.1,8.5,0.14,5,False,False,False,True,False,False,318,2014
2014-05-16,17784,11.656169403208876,67.2,75.0,54.0,15.9,0.03,5,False,False,False,False,False,False,319,2014
2014-05-17,29912,17.701291566372472,62.2,71.1,54.0,9.8,1.58,5,False,True,False,False,False,False,320,2014
2014-05-18,27436,17.05679520824221,60.4,70.0,53.1,7.6,0.0,5,False,False,True,False,False,False,321,2014
2014-05-19,31692,13.411918885943878,60.4,70.0,53.1,10.5,0.0,5,True,False,False,False,False,False,322,2014
2014-05-20,35567,14.053607745007078,65.5,77.0,53.1,8.9,0.0,5,False,False,False,False,True,False,323,2014
2014-05-21,34420,13.3881062366841,69.7,77.0,57.0,6.7,0.0,5,False,False,False,False,False,True,324,2014
2014-05-22,24535,12.212325249643364,62.9,75.0,57.9,6.2,0.27,5,False,False,False,True,False,False,325,2014
2014-05-23,24484,12.904456651963192,60.3,68.0,57.0,6.0,0.01,5,False,False,False,False,False,False,326,2014
2014-05-24,16798,15.957243917926736,60.2,68.0,57.0,6.2,1.09,5,False,True,False,False,False,False,327,2014
2014-05-25,25637,20.05299437011611,65.5,81.0,55.9,5.4,0.02,5,False,False,True,False,False,False,328,2014
2014-05-26,26930,19.528184800099027,75.2,87.1,55.9,7.2,0.0,5,True,False,False,False,False,False,329,2014
2014-05-27,32936,14.420076309610558,79.5,87.1,66.0,7.6,0.0,5,False,False,False,False,True,False,330,2014
2014-05-28,29690,12.473383294038396,61.3,86.0,54.0,11.7,0.0,5,False,False,False,False,False,True,331,2014
2014-05-29,33889,13.324726312372748,55.6,63.0,51.1,9.8,0.0,5,False,False,False,True,False,False,332,2014
2014-05-30,34343,14.14182997020256,63.2,75.9,51.1,4.1,0.0,5,False,False,False,False,False,False,333,2014
2014-05-31,27734,16.663981635056846,64.0,75.9,55.9,10.6,0.03,5,False,True,False,False,False,False,334,2014
2014-06-01,31333,18.01550814370365,65.1,77.0,57.0,6.0,0.01,6,False,False,True,False,False,False,335,2014
2014-06-02,34519,14.68510047606632,69.7,79.0,57.0,9.3,0.0,6,True,False,False,False,False,False,336,2014
2014-06-03,29501,13.369560918838912,75.7,84.9,61.0,7.4,0.0,6,False,False,False,False,True,False,337,2014
2014-06-04,36068,13.843021977006394,69.5,84.9,62.1,6.8,0.06,6,False,False,False,False,False,True,338,2014
2014-06-05,24619,13.55049216729626,67.0,81.0,62.1,7.9,0.4,6,False,False,False,True,False,False,339,2014
2014-06-06,37719,14.525447829122369,67.8,75.9,61.0,11.3,0.3,6,False,False,False,False,False,False,340,2014
2014-06-07,31204,17.86846825193352,71.5,82.0,61.0,6.4,0.0,6,False,True,False,False,False,False,341,2014
2014-06-08,30162,18.067772362575425,76.4,84.9,63.0,5.5,0.0,6,False,False,True,False,False,False,342,2014
2014-06-09,18611,12.932912435298126,68.0,84.9,62.1,7.0,0.45,6,True,False,False,False,False,False,343,2014
2014-06-10,33435,13.348906335676189,66.9,75.2,63.0,6.5,0.79,6,False,False,False,False,True,False,344,2014
2014-06-11,30548,13.418144122910393,65.6,75.0,61.0,9.5,0.04,6,False,False,False,False,False,True,345,2014
2014-06-12,29084,12.583449663044975,63.6,75.9,59.0,9.0,0.01,6,False,False,False,True,False,False,346,2014
2014-06-13,18308,12.684859988347538,65.7,75.9,59.0,8.4,0.14,6,False,False,False,False,False,False,347,2014
2014-06-14,28417,16.756327198507936,69.6,75.9,62.1,10.1,1.43,6,False,True,False,False,False,False,348,2014
2014-06-15,28382,17.31756277452845,67.6,79.0,61.0,10.0,0.0,6,False,False,True,False,False,False,349,2014
2014-06-16,34932,14.268376655597542,72.0,81.0,61.0,5.3,0.0,6,True,False,False,False,False,False,350,2014
2014-06-17,35097,14.09637670836064,76.7,88.0,64.0,6.7,0.0,6,False,False,False,False,True,False,351,2014
2014-06-18,35531,13.559252014672628,83.2,88.0,70.0,11.2,0.0,6,False,False,False,False,False,True,352,2014
2014-06-19,31724,13.661286407766989,74.8,88.0,68.0,5.4,0.0,6,False,False,False,True,False,False,353,2014
2014-06-20,34405,16.704327859322774,73.3,80.1,66.0,8.0,0.0,6,False,False,False,False,False,False,354,2014
2014-06-21,30288,17.230165962317304,70.0,75.9,62.1,8.4,0.0,6,False,True,False,False,False,False,355,2014
2014-06-22,29417,16.582756569330662,70.1,77.0,64.0,6.4,0.0,6,False,False,True,False,False,False,356,2014
2014-06-23,32580,13.948640781665649,73.2,82.0,64.0,6.2,0.0,6,True,False,False,False,False,False,357,2014
2014-06-24,35897,13.736748196228096,73.5,82.0,66.9,10.8,0.0,6,False,False,False,False,True,False,358,2014
2014-06-25,34340,13.136113861386136,75.4,84.0,69.1,10.3,0.0,6,False,False,False,False,False,True,359,2014
2014-06-26,34846,13.568823298704777,77.5,86.0,71.1,6.3,0.07,6,False,False,False,True,False,False,360,2014
2014-06-27,35823,14.686583572937316,74.5,86.0,68.0,7.5,0.0,6,False,False,False,False,False,False,361,2014
2014-06-28,28507,16.904747371990506,75.6,87.1,68.0,5.4,0.0,6,False,True,False,False,False,False,362,2014
2014-06-29,27986,17.305518235308128,74.9,87.1,69.1,7.5,0.0,6,False,False,True,False,False,False,363,2014
2014-06-30,33597,13.798781637249355,75.8,84.0,69.1,9.0,0.0,6,True,False,False,False,False,False,364,2014
2014-07-01,34854,13.230134752586986,79.0,88.0,69.1,10.2,0.0,7,False,False,False,False,True,False,365,2014
2014-07-02,26582,12.60920234243724,81.7,91.0,73.0,10.1,0.0,7,False,False,False,False,False,True,366,2014
2014-07-03,27587,13.287443965152669,78.9,91.0,72.0,6.3,0.65,7,False,False,False,True,False,False,367,2014
2014-07-04,13612,15.486074786952686,71.1,89.1,64.9,8.5,0.71,7,False,False,False,False,False,False,368,2014
2014-07-05,22913,18.27483015464292,71.8,82.9,64.9,13.7,0.16,7,False,True,False,False,False,False,369,2014
2014-07-06,23822,20.219724764223525,78.2,87.1,64.9,9.5,0.0,7,False,False,True,False,False,False,370,2014
2014-07-07,31863,14.025829331826888,81.3,91.9,69.1,11.4,0.0,7,True,False,False,False,False,False,371,2014
2014-07-08,32713,13.311302336481925,83.8,93.0,72.0,10.7,0.18,7,False,False,False,False,True,False,372,2014
2014-07-09,34426,13.330690950638086,79.5,93.0,72.0,10.2,0.0,7,False,False,False,False,False,True,373,2014
2014-07-10,36288,13.710673868312758,76.3,88.0,70.0,5.5,0.0,7,False,False,False,True,False,False,374,2014
2014-07-11,35000,14.03066,76.9,84.9,70.0,6.1,0.0,7,False,False,False,False,False,False,375,2014
2014-07-12,28718,16.70461034891009,77.0,86.0,70.0,7.0,0.0,7,False,True,False,False,False,False,376,2014
2014-07-13,24869,15.259172061602802,75.3,86.0,71.1,10.1,0.0,7,False,False,True,False,False,False,377,2014
2014-07-14,25825,12.618090351726362,77.2,84.9,71.1,6.3,0.41,7,True,False,False,False,False,False,378,2014
2014-07-15,22963,12.218714163364252,76.3,88.0,72.0,7.0,0.57,7,False,False,False,False,True,False,379,2014
2014-07-16,35391,13.5540791915082,73.8,88.0,68.0,6.4,0.93,7,False,False,False,False,False,True,380,2014
2014-07-17,38619,13.719102859559632,75.0,82.9,68.0,4.8,0.0,7,False,False,False,True,False,False,381,2014
2014-07-18,36105,14.457257997507266,74.6,82.9,68.0,6.1,0.0,7,False,False,False,False,False,False,382,2014
2014-07-19,29291,16.61823256290328,73.1,82.0,68.0,6.0,0.0,7,False,True,False,False,False,False,383,2014
2014-07-20,30296,17.056757767802136,71.2,77.0,66.9,9.1,0.0,7,False,False,True,False,False,False,384,2014
2014-07-21,35670,13.678115129427152,74.0,84.0,66.9,4.4,0.0,7,True,False,False,False,False,False,385,2014
2014-07-22,36886,13.627777476549369,78.1,87.1,66.9,7.3,0.0,7,False,False,False,False,True,False,386,2014
2014-07-23,34173,13.109473365912656,80.2,89.1,72.0,9.9,0.0,7,False,False,False,False,False,True,387,2014
2014-07-24,36693,13.742467682300893,76.8,89.1,73.0,7.9,0.12,7,False,False,False,True,False,False,388,2014
2014-07-25,36384,14.157776770008793,74.6,82.0,66.9,6.9,0.0,7,False,False,False,False,False,False,389,2014
2014-07-26,27179,16.45138403424212,75.7,82.9,66.9,7.9,0.0,7,False,True,False,False,False,False,390,2014
2014-07-27,27004,16.19756579272207,77.5,88.0,71.1,8.5,0.0,7,False,False,True,False,False,False,391,2014
2014-07-28,33189,13.454911265780828,78.2,88.0,70.0,9.4,0.26,7,True,False,False,False,False,False,392,2014
2014-07-29,37092,13.568479276753294,70.6,84.0,64.9,11.4,0.0,7,False,False,False,False,True,False,393,2014
2014-07-30,37377,13.556849131819035,72.5,82.9,64.9,6.5,0.0,7,False,False,False,False,False,True,394,2014
2014-07-31,35458,13.663461466147742,75.1,82.9,64.9,8.6,0.0,7,False,False,False,True,False,False,395,2014
2014-08-01,32654,13.526990567771175,76.7,86.0,70.0,7.3,0.0,8,False,False,False,False,False,False,396,2014
2014-08-02,26784,16.543361086220628,71.1,86.0,64.9,8.7,0.34,8,False,True,False,False,False,False,397,2014
2014-08-03,25276,16.505556654533944,69.6,75.9,64.9,4.8,0.12,8,False,False,True,False,False,False,398,2014
2014-08-04,33822,13.985576942029844,75.4,84.0,66.0,5.4,0.01,8,True,False,False,False,False,False,399,2014
2014-08-05,34392,13.747544002481195,79.7,89.1,71.1,4.4,0.0,8,False,False,False,False,True,False,400,2014
2014-08-06,36336,13.637403676794364,76.9,89.1,71.1,7.1,0.0,8,False,False,False,False,False,True,401,2014
2014-08-07,36362,13.852484736813151,75.2,84.0,66.9,8.1,0.0,8,False,False,False,True,False,False,402,2014
2014-08-08,34073,14.120054001702222,74.0,82.9,66.0,7.1,0.0,8,False,False,False,False,False,False,403,2014
2014-08-09,31636,18.43770335482784,77.5,87.1,66.0,4.0,0.0,8,False,True,False,False,False,False,404,2014
2014-08-10,26749,17.214753199496553,78.9,87.1,70.0,4.8,0.0,8,False,False,True,False,False,False,405,2014
2014-08-11,33664,13.774130129119134,79.7,87.1,71.1,5.9,0.0,8,True,False,False,False,False,False,406,2014
2014-08-12,26261,12.027818818780702,75.5,87.1,72.0,11.1,0.0,8,False,False,False,False,True,False,407,2014
2014-08-13,27977,13.221852474056073,73.4,86.0,68.0,13.5,0.77,8,False,False,False,False,False,True,408,2014
2014-08-14,35154,14.364689651248792,72.0,86.0,64.0,11.6,0.15,8,False,False,False,True,False,False,409,2014
2014-08-15,32480,13.884582820197044,69.6,79.0,63.0,9.2,0.0,8,False,False,False,False,False,False,410,2014
2014-08-16,32017,18.710583440047465,71.7,79.0,63.0,7.1,0.0,8,False,True,False,False,False,False,411,2014
2014-08-17,27417,16.750628563786456,74.7,82.9,66.0,7.7,0.0,8,False,False,True,False,False,False,412,2014
2014-08-18,34339,14.094628556451848,72.6,82.9,64.0,8.8,0.01,8,True,False,False,False,False,False,413,2014
2014-08-19,35367,13.925657156859977,72.5,81.0,64.0,6.9,0.0,8,False,False,False,False,True,False,414,2014
2014-08-20,35532,14.048568426582612,75.4,84.0,64.9,6.2,0.0,8,False,False,False,False,False,True,415,2014
2014-08-21,33804,13.843160572713288,75.0,84.0,69.1,6.3,0.07,8,False,False,False,True,False,False,416,2014
2014-08-22,30406,13.575098116599792,71.2,81.0,64.0,7.6,1.2,8,False,False,False,False,False,False,417,2014
2014-08-23,26429,16.310513703381382,70.1,75.9,66.9,8.2,0.04,8,False,True,False,False,False,False,418,2014
2014-08-24,27493,17.62836843317693,72.0,80.1,64.9,6.2,0.0,8,False,False,True,False,False,False,419,2014
2014-08-25,32892,13.790671997243502,75.4,86.0,64.9,4.4,0.0,8,True,False,False,False,False,False,420,2014
2014-08-26,34519,13.521703989107444,79.0,86.0,68.0,4.6,0.0,8,False,False,False,False,True,False,421,2014
2014-08-27,33721,13.675883475183614,79.0,89.1,71.1,7.0,0.0,8,False,False,False,False,False,True,422,2014
2014-08-28,33927,13.819915799608966,76.5,89.1,70.0,8.9,0.0,8,False,False,False,True,False,False,423,2014
2014-08-29,31264,14.231134318491986,70.3,80.1,64.0,8.0,0.0,8,False,False,False,False,False,False,424,2014
2014-08-30,22689,17.233491265958545,71.7,79.0,64.0,6.7,0.0,8,False,True,False,False,False,False,425,2014
2014-08-31,18053,17.046679222289924,77.4,91.9,66.9,9.4,0.0,8,False,False,True,False,False,False,426,2014
2014-09-01,23575,19.545633085896068,80.3,91.9,73.0,5.6,0.79,9,True,False,False,False,False,False,427,2014
2014-09-02,30507,13.558917079140306,84.3,93.0,75.9,6.8,0.0,9,False,False,False,False,True,False,428,2014
2014-09-03,35535,13.646317714928944,80.2,93.0,73.0,9.6,0.0,9,False,False,False,False,False,True,429,2014
2014-09-04,36496,14.082504475376298,78.5,86.0,71.1,6.1,0.0,9,False,False,False,True,False,False,430,2014
2014-09-05,34831,14.268615601045047,78.3,86.0,71.1,8.0,0.0,9,False,False,False,False,False,False,431,2014
2014-09-06,25833,15.771490599878703,80.8,91.0,73.0,8.0,0.0,9,False,True,False,False,False,False,432,2014
2014-09-07,29721,17.48803259199444,73.1,91.0,66.0,8.2,0.21,9,False,False,True,False,False,False,433,2014
2014-09-08,34335,14.30321052376098,71.0,80.1,64.9,9.4,0.0,9,True,False,False,False,False,False,434,2014
2014-09-09,34518,13.617086737354423,68.1,77.0,64.0,12.5,0.0,9,False,False,False,False,True,False,435,2014
2014-09-10,37653,14.179311520109064,68.5,75.0,62.6,9.3,0.0,9,False,False,False,False,False,True,436,2014
2014-09-11,37081,13.377529822101168,73.8,84.0,63.0,9.1,0.0,9,False,False,False,True,False,False,437,2014
2014-09-12,37204,15.752581263663403,70.6,84.0,63.0,9.6,0.0,9,False,False,False,False,False,False,438,2014
2014-09-13,17293,15.207226430733051,65.1,71.1,60.8,10.5,0.0,9,False,True,False,False,False,False,439,2014
2014-09-14,28688,17.44488694459937,62.1,71.1,55.0,7.4,0.19,9,False,False,True,False,False,False,440,2014
2014-09-15,35045,14.662093974413848,63.6,73.0,55.0,6.5,0.0,9,True,False,False,False,False,False,441,2014
2014-09-16,25633,13.024798762012512,63.9,73.0,55.0,5.6,0.01,9,False,False,False,False,True,False,442,2014
2014-09-17,37453,13.742398027750337,65.9,73.0,57.9,4.3,0.41,9,False,False,False,False,False,True,443,2014
2014-09-18,37381,15.109120052076369,67.6,75.0,59.0,4.6,0.0,9,False,False,False,True,False,False,444,2014
2014-09-19,34713,13.75926358040696,62.1,75.0,55.0,10.3,0.0,9,False,False,False,False,False,False,445,2014
2014-09-20,30011,16.831377939200067,65.0,73.9,55.0,9.1,0.0,9,False,True,False,False,False,False,446,2014
2014-09-21,26080,16.30760161042945,70.4,77.0,57.9,3.5,0.21,9,False,False,True,False,False,False,447,2014
2014-09-22,33239,13.489832726616324,68.8,77.0,61.0,11.1,0.0,9,True,False,False,False,False,False,448,2014
2014-09-23,36347,14.318372447061195,60.9,73.0,54.0,7.0,0.0,9,False,False,False,False,True,False,449,2014
2014-09-24,35481,14.156379940437605,65.0,73.0,54.0,8.1,0.0,9,False,False,False,False,False,True,450,2014
2014-09-25,16650,12.309901901901902,62.6,70.0,57.9,13.0,0.02,9,False,False,False,True,False,False,451,2014
2014-09-26,35116,14.915348179367433,66.4,77.0,57.9,7.0,0.15,9,False,False,False,False,False,False,452,2014
2014-09-27,30193,18.08473211229976,72.6,82.9,60.1,3.6,0.0,9,False,True,False,False,False,False,453,2014
2014-09-28,29021,18.296087890378235,73.4,84.0,64.9,3.2,0.0,9,False,False,True,False,False,False,454,2014
2014-09-29,33161,15.074445382628186,72.7,84.0,64.9,4.1,0.0,9,True,False,False,False,False,False,455,2014
2014-09-30,35093,15.192419665840294,69.0,73.9,64.4,6.2,0.0,9,False,False,False,False,True,False,456,2014
2014-10-01,27942,12.342573306611314,63.3,66.2,60.8,8.4,0.04,10,False,False,False,False,False,True,457,2014
2014-10-02,34492,14.133840697359776,63.3,68.0,60.1,9.1,0.0,10,False,False,False,True,False,False,458,2014
2014-10-03,34944,15.281557158119664,62.4,69.1,57.0,6.8,0.0,10,False,False,False,False,False,False,459,2014
2014-10-04,13354,14.132470920073889,65.0,71.1,57.0,10.0,0.07,10,False,True,False,False,False,False,460,2014
2014-10-05,23456,15.738347686448389,54.2,71.1,46.9,12.2,0.98,10,False,False,True,False,False,False,461,2014
2014-10-06,31742,13.72622340537248,59.2,71.1,46.9,8.5,0.0,10,True,False,False,False,False,False,462,2014
2014-10-07,32892,13.510334833191452,67.1,72.0,51.1,11.4,0.0,10,False,False,False,False,True,False,463,2014
2014-10-08,33607,16.683948284583572,67.6,73.0,64.0,13.5,0.06,10,False,False,False,False,False,True,464,2014
2014-10-09,32203,13.678046558809228,64.2,73.0,57.9,12.6,0.03,10,False,False,False,True,False,False,465,2014
2014-10-10,30887,14.820139540907174,60.3,69.1,54.0,6.5,0.0,10,False,False,False,False,False,False,466,2014
2014-10-11,12965,14.296921198097438,56.2,62.1,51.8,6.2,0.13,10,False,True,False,False,False,False,467,2014
2014-10-12,23394,17.592083440198337,55.1,62.1,48.9,5.3,0.2,10,False,False,True,False,False,False,468,2014
2014-10-13,22752,13.443484821847166,58.8,66.0,48.9,4.4,0.0,10,True,False,False,False,False,False,469,2014
2014-10-14,32614,18.74725731281045,67.6,75.9,53.1,8.5,0.03,10,False,False,False,False,True,False,470,2014
2014-10-15,28743,13.51103399088474,71.9,78.1,64.0,12.9,0.0,10,False,False,False,False,False,True,471,2014
2014-10-16,26754,13.593397871969298,69.8,78.1,64.9,11.0,0.72,10,False,False,False,True,False,False,472,2014
2014-10-17,34132,15.251804757998356,65.8,72.0,61.0,8.7,0.08,10,False,False,False,False,False,False,473,2014
2014-10-18,24978,17.851717511410047,64.1,72.0,60.1,8.9,0.0,10,False,True,False,False,False,False,474,2014
2014-10-19,18840,14.547722929936306,54.5,70.0,48.0,14.8,0.0,10,False,False,True,False,False,False,475,2014
2014-10-20,27914,17.183799646533394,49.8,61.0,44.1,8.4,0.0,10,True,False,False,False,False,False,476,2014
2014-10-21,31330,13.243528034897333,60.0,68.0,44.1,5.6,0.0,10,False,False,False,False,True,False,477,2014
2014-10-22,9169,11.83802123095939,57.0,68.0,52.0,11.5,0.35,10,False,False,False,False,False,True,478,2014
2014-10-23,13371,12.233315882631564,52.2,59.0,51.1,15.6,1.0,10,False,False,False,True,False,False,479,2014
2014-10-24,29837,13.538779591335144,54.7,62.1,51.1,11.2,0.23,10,False,False,False,False,False,False,480,2014
2014-10-25,24952,16.5570815966656,58.7,68.0,51.1,8.3,0.0,10,False,True,False,False,False,False,481,2014
2014-10-26,20768,15.548127728556752,59.6,68.0,52.0,13.3,0.0,10,False,False,True,False,False,False,482,2014
2014-10-27,28806,14.050002892915831,57.0,64.0,51.1,11.0,0.0,10,True,False,False,False,False,False,483,2014
2014-10-28,32956,12.99441072945746,60.4,72.0,51.1,6.1,0.0,10,False,False,False,False,True,False,484,2014
2014-10-29,29999,12.74937164572153,64.2,72.0,53.1,7.1,0.0,10,False,False,False,False,False,True,485,2014
2014-10-30,31133,13.208668722363194,54.0,72.0,50.0,8.4,0.0,10,False,False,False,True,False,False,486,2014
2014-10-31,27785,18.07044448443405,49.9,57.9,45.0,9.3,0.0,10,False,False,False,False,False,False,487,2014
2014-11-01,6002,11.192083194490722,48.1,55.0,45.0,15.1,0.05,11,False,True,False,False,False,False,488,2014
2014-11-02,14100,16.124030732860522,44.6,48.0,42.1,19.4,0.17,11,False,False,True,False,False,False,489,2014
2014-11-03,26757,13.74644703566668,48.1,62.1,41.0,13.6,0.0,11,True,False,False,False,False,False,490,2014
2014-11-04,31174,13.306952909475845,60.2,69.1,41.0,8.5,0.0,11,False,False,False,False,True,False,491,2014
2014-11-05,30539,14.52771810908456,61.4,69.1,55.0,9.0,0.0,11,False,False,False,False,False,True,492,2014
2014-11-06,12283,12.065164590626612,52.7,64.0,48.0,5.3,0.13,11,False,False,False,True,False,False,493,2014
2014-11-07,25355,12.322618812857424,49.6,59.0,45.0,12.9,0.21,11,False,False,False,False,False,False,494,2014
2014-11-08,17443,14.52072751246918,42.4,52.0,37.9,11.0,0.0,11,False,True,False,False,False,False,495,2014
2014-11-09,18207,15.170109481701177,49.9,57.0,37.9,6.2,0.0,11,False,False,True,False,False,False,496,2014
2014-11-10,27655,12.945201591032363,51.8,61.0,42.1,3.4,0.0,11,True,False,False,False,False,False,497,2014
2014-11-11,29358,12.8230874037741,54.9,64.0,42.1,5.0,0.0,11,False,False,False,False,True,False,498,2014
2014-11-12,27807,12.878346579398476,58.7,66.0,46.9,5.6,0.0,11,False,False,False,False,False,True,499,2014
2014-11-13,20652,14.003687294208786,45.7,66.0,39.9,5.3,0.0,11,False,False,False,True,False,False,500,2014
2014-11-14,21082,12.60694035986466,39.3,48.0,36.0,12.4,0.2,11,False,False,False,False,False,False,501,2014
2014-11-15,14057,12.988551374167082,37.8,43.0,34.0,9.7,0.03,11,False,True,False,False,False,False,502,2014
2014-11-16,13272,13.0463821076954,39.4,44.1,34.0,5.4,0.0,11,False,False,True,False,False,False,503,2014
2014-11-17,8116,12.371365204534252,43.6,53.1,35.1,5.8,0.51,11,True,False,False,False,False,False,504,2014
2014-11-18,16691,11.099698440277193,37.1,53.1,28.0,16.2,1.0,11,False,False,False,False,True,False,505,2014
2014-11-19,16694,13.006334611237572,26.7,46.0,21.9,12.9,0.0,11,False,False,False,False,False,True,506,2014
2014-11-20,20611,12.013123251338287,38.1,46.0,21.9,11.2,0.0,11,False,False,False,True,False,False,507,2014
2014-11-21,17806,10.811233104945895,33.1,46.0,28.0,15.8,0.0,11,False,False,False,False,False,False,508,2014
2014-11-22,12682,13.606544709036433,34.3,43.0,28.0,8.8,0.0,11,False,True,False,False,False,False,509,2014
2014-11-23,15669,14.31790371646776,46.9,55.0,28.9,7.9,0.0,11,False,False,True,False,False,False,510,2014
2014-11-24,23031,12.72771409549448,57.5,64.0,44.1,10.6,0.61,11,True,False,False,False,False,False,511,2014
2014-11-25,25580,14.14487816002085,60.1,66.9,48.9,9.7,0.0,11,False,False,False,False,True,False,512,2014
2014-11-26,3675,12.755083900226758,44.0,53.1,33.8,9.8,0.0,11,False,False,False,False,False,True,513,2014
2014-11-27,3945,11.85624419095902,36.5,51.1,34.0,11.3,1.07,11,False,False,False,True,False,False,514,2014
2014-11-28,8378,11.867243574440998,34.4,37.9,30.9,13.1,0.01,11,False,False,False,False,False,False,515,2014
2014-11-29,8183,11.97375045826714,31.4,37.0,28.9,5.9,0.0,11,False,True,False,False,False,False,516,2014
2014-11-30,12384,14.758551356589148,46.5,53.1,28.9,7.7,0.0,11,False,False,True,False,False,False,517,2014
2014-12-01,18519,12.885524776355815,55.4,64.0,44.1,7.6,0.0,12,True,False,False,False,False,False,518,2014
2014-12-02,15367,11.433989501312334,39.7,46.0,35.1,12.3,0.05,12,False,False,False,False,True,False,519,2014
2014-12-03,13472,14.234154790182108,43.5,46.9,35.1,8.3,0.12,12,False,False,False,False,False,True,520,2014
2014-12-04,21335,11.880248418092338,42.0,46.9,37.9,11.3,0.09,12,False,False,False,True,False,False,521,2014
2014-12-05,15818,12.185782020483,38.4,46.0,34.0,9.3,0.0,12,False,False,False,False,False,False,522,2014
2014-12-06,4047,13.022934684128154,44.9,48.9,34.0,4.1,0.7,12,False,True,False,False,False,False,523,2014
2014-12-07,10510,11.942905169679667,39.4,48.9,34.0,15.3,1.14,12,False,False,True,False,False,False,524,2014
2014-12-08,15557,11.212750958839536,29.8,34.0,24.8,13.7,0.03,12,True,False,False,False,False,False,525,2014
2014-12-09,6713,11.39864690401708,38.7,45.0,25.0,18.1,0.45,12,False,False,False,False,True,False,526,2014
2014-12-10,10399,11.292754110972208,38.6,45.0,32.0,14.8,2.26,12,False,False,False,False,False,True,527,2014
2014-12-11,18141,11.962103338661963,34.2,37.0,30.2,14.9,0.02,12,False,False,False,True,False,False,528,2014
2014-12-12,17892,11.387605261196814,34.5,37.9,30.9,12.7,0.03,12,False,False,False,False,False,False,529,2014
2014-12-13,12549,16.93230801923128,37.2,44.1,32.0,13.7,0.0,12,False,True,False,False,False,False,530,2014
2014-12-14,11941,13.483606900594587,40.4,45.0,35.1,11.3,0.0,12,False,False,True,False,False,False,531,2014
2014-12-15,19382,11.993359818388196,41.6,48.9,37.0,5.9,0.0,12,True,False,False,False,False,False,532,2014
2014-12-16,16816,11.871855177608632,41.5,48.9,36.0,5.6,0.0,12,False,False,False,False,True,False,533,2014
2014-12-17,20346,11.689852223205218,46.5,53.1,36.0,8.6,0.19,12,False,False,False,False,False,True,534,2014
2014-12-18,19051,11.244470106556086,41.0,53.1,37.9,15.4,0.03,12,False,False,False,True,False,False,535,2014
2014-12-19,17200,11.366994186046515,36.8,43.0,33.1,13.5,0.0,12,False,False,False,False,False,False,536,2014
2014-12-20,9582,11.221432547136995,31.9,37.9,30.0,7.8,0.0,12,False,True,False,False,False,False,537,2014
2014-12-21,8747,12.43004268130026,33.1,36.0,30.0,5.7,0.0,12,False,False,True,False,False,False,538,2014
2014-12-22,13560,12.202332841691248,37.9,43.0,32.0,7.1,0.0,12,True,False,False,False,False,False,539,2014
2014-12-23,9422,11.695476898040049,44.1,46.4,42.8,9.9,0.17,12,False,False,False,False,True,False,540,2014
2014-12-24,4285,11.67763905095294,44.5,54.0,42.8,7.8,0.08,12,False,False,False,False,False,True,541,2014
2014-12-25,4890,18.956530334015,52.6,63.0,43.0,12.0,0.71,12,False,False,False,True,False,False,542,2014
2014-12-26,9895,14.202627589691764,45.3,63.0,39.9,9.4,0.07,12,False,False,False,False,False,False,543,2014
2014-12-27,10247,16.139143163852832,47.4,55.0,39.9,4.6,0.0,12,False,True,False,False,False,False,544,2014
2014-12-28,7902,13.044575213026237,48.1,55.0,42.1,6.8,0.0,12,False,False,True,False,False,False,545,2014
2014-12-29,13549,13.280457352326124,41.3,52.0,37.9,10.0,0.1,12,True,False,False,False,False,False,546,2014
2014-12-30,12196,11.500896468787582,32.6,44.1,28.9,8.0,0.0,12,False,False,False,False,True,False,547,2014
2014-12-31,9739,12.6783447992607,29.4,35.1,27.0,7.8,0.0,12,False,False,False,False,False,True,548,2014
2015-01-01,5317,13.363444298163126,31.2,39.0,27.0,11.5,0.0,1,False,False,False,True,False,False,549,2015
2015-01-02,11304,12.187349610757254,38.6,42.1,27.0,12.6,0.0,1,False,False,False,False,False,False,550,2015
2015-01-03,4478,10.921404644930773,35.2,42.1,30.9,8.1,0.0,1,False,True,False,False,False,False,551,2015
2015-01-04,7849,11.325903512124682,45.1,57.0,30.9,8.4,0.85,1,False,False,True,False,False,False,552,2015
2015-01-05,14506,10.630196700216,42.5,57.0,28.9,18.2,0.13,1,True,False,False,False,False,False,553,2015
2015-01-06,8739,10.582040279208147,21.2,28.9,17.6,8.7,0.0,1,False,False,False,False,True,False,554,2015
2015-01-07,9646,9.820182804616769,21.7,25.0,15.1,14.8,0.05,1,False,False,False,False,False,True,555,2015
2015-01-08,8779,9.931015301666855,13.2,25.0,8.1,14.6,0.0,1,False,False,False,True,False,False,556,2015
2015-01-09,7930,10.610964691046656,24.0,33.1,8.1,13.3,0.0,1,False,False,False,False,False,False,557,2015
2015-01-10,6109,9.93376166311999,21.7,33.1,17.1,13.3,0.06,1,False,True,False,False,False,False,558,2015
2015-01-11,7467,10.384540868711218,24.8,37.0,17.1,8.5,0.0,1,False,False,True,False,False,False,559,2015
2015-01-12,8645,10.394794679005203,36.0,37.9,19.0,5.6,0.0,1,True,False,False,False,False,False,560,2015
2015-01-13,12797,10.3081269047433,30.2,39.0,19.0,12.1,0.39,1,False,False,False,False,True,False,561,2015
2015-01-14,13086,10.383807122115238,22.0,36.0,17.1,9.1,0.0,1,False,False,False,False,False,True,562,2015
2015-01-15,14075,10.556677323860272,29.5,34.0,17.1,7.6,0.0,1,False,False,False,True,False,False,563,2015
2015-01-16,13843,10.42284668544872,34.0,42.1,25.0,13.0,0.0,1,False,False,False,False,False,False,564,2015
2015-01-17,7491,10.954093801450632,22.3,42.1,17.1,11.8,0.0,1,False,True,False,False,False,False,565,2015
2015-01-18,1795,12.057901578458685,32.7,41.0,17.1,4.6,0.0,1,False,False,True,False,False,False,566,2015
2015-01-19,10710,11.528778400248989,39.4,43.0,28.9,12.3,1.98,1,True,False,False,False,False,False,567,2015
2015-01-20,16129,10.797786595573196,37.2,42.1,34.0,9.6,0.0,1,False,False,False,False,True,False,568,2015
2015-01-21,15234,10.447485886832084,30.5,39.9,25.0,7.0,0.0,1,False,False,False,False,False,True,569,2015
2015-01-22,15864,10.675724911749874,34.0,39.0,25.0,5.3,0.0,1,False,False,False,True,False,False,570,2015
2015-01-23,15737,10.65934210247612,32.4,39.0,28.0,9.9,0.0,1,False,False,False,False,False,False,571,2015
2015-01-24,4814,10.505058163689244,35.1,39.9,28.0,8.3,0.66,1,False,True,False,False,False,False,572,2015
2015-01-25,9379,12.021174965348118,37.6,42.1,32.0,12.8,0.07,1,False,False,True,False,False,False,573,2015
2015-01-26,4141,11.0852370602914,26.6,35.1,21.2,14.7,0.0,1,True,False,False,False,False,False,574,2015
2015-01-27,1214,15.937850082372323,24.4,30.0,19.9,14.9,0.45,1,False,False,False,False,True,False,575,2015
2015-01-28,5401,14.174285626118616,23.5,34.0,17.1,11.7,0.01,1,False,False,False,False,False,True,576,2015
2015-01-29,8870,12.531798196166852,26.3,34.0,17.1,6.1,0.0,1,False,False,False,True,False,False,577,2015
2015-01-30,9015,10.8579016454058,33.9,37.0,21.0,10.8,0.07,1,False,False,False,False,False,False,578,2015
2015-01-31,5188,10.446366615265996,20.4,37.0,12.9,21.5,0.01,1,False,True,False,False,False,False,579,2015
2015-02-01,6441,10.63582000724525,27.5,36.0,12.9,8.8,0.0,2,False,False,True,False,False,False,580,2015
2015-02-02,1459,15.347703906785474,29.6,36.0,19.9,11.2,0.84,2,True,False,False,False,False,False,581,2015
2015-02-03,4754,12.787074042911232,19.3,33.1,14.0,13.4,0.26,2,False,False,False,False,True,False,582,2015
2015-02-04,8973,11.625942642743045,30.0,39.9,14.0,5.6,0.0,2,False,False,False,False,False,True,583,2015
2015-02-05,9208,10.389945337387784,33.2,41.0,21.0,12.1,0.0,2,False,False,False,True,False,False,584,2015
2015-02-06,8575,10.618616132167157,18.1,39.9,12.0,13.3,0.0,2,False,False,False,False,False,False,585,2015
2015-02-07,6790,11.441013745704469,29.0,36.0,12.0,7.1,0.0,2,False,True,False,False,False,False,586,2015
2015-02-08,6662,11.115628439907937,33.0,36.0,26.1,8.9,0.01,2,False,False,True,False,False,False,587,2015
2015-02-09,5160,10.565529715762274,28.9,35.6,25.9,15.3,0.03,2,True,False,False,False,False,False,588,2015
2015-02-10,10328,10.637577459333848,29.9,39.0,26.1,11.0,0.04,2,False,False,False,False,True,False,589,2015
2015-02-11,11439,10.817006148556104,28.4,39.0,21.9,9.3,0.0,2,False,False,False,False,False,True,590,2015
2015-02-12,11269,10.797302333836187,32.3,39.9,21.9,6.9,0.0,2,False,False,False,True,False,False,591,2015
2015-02-13,7642,10.38418171508331,17.6,39.9,9.0,18.2,0.0,2,False,False,False,False,False,False,592,2015
2015-02-14,4614,10.430779511631266,22.9,32.0,9.0,7.1,0.0,2,False,True,False,False,False,False,593,2015
2015-02-15,2581,9.497643032416375,20.5,32.0,10.9,19.7,0.01,2,False,False,True,False,False,False,594,2015
2015-02-16,3998,9.930177588794391,10.2,26.1,3.9,15.4,0.0,2,True,False,False,False,False,False,595,2015
2015-02-17,4784,10.820833333333333,19.4,28.0,3.9,6.6,0.11,2,False,False,False,False,True,False,596,2015
2015-02-18,9170,10.799540167211925,24.2,30.9,14.0,5.0,0.02,2,False,False,False,False,False,True,597,2015
2015-02-19,7799,9.925582339616192,22.0,30.9,15.1,14.9,0.0,2,False,False,False,True,False,False,598,2015
2015-02-20,6159,10.046747307463336,10.9,27.0,3.0,18.2,0.0,2,False,False,False,False,False,False,599,2015
2015-02-21,3157,9.8488332805406,20.1,28.9,3.0,8.0,0.01,2,False,True,False,False,False,False,600,2015
2015-02-22,4274,11.950760411792228,34.1,42.1,14.0,3.7,0.71,2,False,False,True,False,False,False,601,2015
2015-02-23,7458,10.532466255475107,29.3,42.1,16.0,14.0,0.11,2,True,False,False,False,False,False,602,2015
2015-02-24,7402,10.747858686841392,12.4,37.9,6.1,9.9,0.0,2,False,False,False,False,True,False,603,2015
2015-02-25,10751,10.857537283353487,27.7,37.9,6.1,8.7,0.0,2,False,False,False,False,False,True,604,2015
2015-02-26,9901,11.25846547486786,26.9,37.9,21.0,9.3,0.0,2,False,False,False,True,False,False,605,2015
2015-02-27,9864,10.997024533657743,23.7,32.0,19.0,7.3,0.0,2,False,False,False,False,False,False,606,2015
2015-02-28,6318,10.824021314762057,22.1,30.0,15.1,7.2,0.0,2,False,True,False,False,False,False,607,2015
2015-03-01,2879,12.341061711242329,26.7,30.0,15.1,4.4,0.0,3,False,False,True,False,False,False,608,2015
2015-03-02,7283,11.292155247379744,32.2,37.9,24.1,9.0,0.48,3,True,False,False,False,False,False,609,2015
2015-03-03,6533,12.700640338792798,28.4,37.9,24.1,9.8,0.0,3,False,False,False,False,True,False,610,2015
2015-03-04,7514,11.673711294472538,38.9,46.9,24.1,8.0,0.73,3,False,False,False,False,False,True,611,2015
2015-03-05,1637,15.430910201588269,32.9,44.1,21.2,8.6,0.46,3,False,False,False,True,False,False,612,2015
2015-03-06,5162,12.277776701536869,21.0,41.0,15.1,7.1,0.38,3,False,False,False,False,False,False,613,2015
2015-03-07,5590,14.794570661896245,26.8,37.9,15.1,9.3,0.0,3,False,True,False,False,False,False,614,2015
2015-03-08,7898,13.69237992740778,40.2,48.0,35.1,8.4,0.0,3,False,False,True,False,False,False,615,2015
2015-03-09,14878,12.643708831832235,44.9,54.0,35.1,6.5,0.02,3,True,False,False,False,False,False,616,2015
2015-03-10,11781,12.056681662564015,40.7,54.0,33.1,4.6,0.11,3,False,False,False,False,True,False,617,2015
2015-03-11,19561,13.39741748036058,46.4,60.1,33.1,7.5,0.44,3,False,False,False,False,False,True,618,2015
2015-03-12,17530,12.15231793116562,45.3,60.1,37.0,16.4,0.02,3,False,False,False,True,False,False,619,2015
2015-03-13,16145,12.060395375245172,37.1,46.9,30.9,8.4,0.0,3,False,False,False,False,False,False,620,2015
2015-03-14,3906,12.14748677248677,43.6,51.8,37.4,7.1,0.21,3,False,True,False,False,False,False,621,2015
2015-03-15,8838,12.09664705438636,44.1,51.1,37.0,14.0,0.81,3,False,False,True,False,False,False,622,2015
2015-03-16,16787,11.890594904787433,40.2,51.1,36.0,9.3,0.0,3,True,False,False,False,False,False,623,2015
2015-03-17,14857,11.778551075811622,47.9,54.0,36.0,10.6,0.0,3,False,False,False,False,True,False,624,2015
2015-03-18,13842,11.3333887203198,33.7,37.9,28.9,19.6,0.01,3,False,False,False,False,False,True,625,2015
2015-03-19,15446,12.821573007035266,33.5,42.1,28.0,10.7,0.0,3,False,False,False,True,False,False,626,2015
2015-03-20,8052,11.094823232323233,34.4,42.1,28.9,8.4,0.0,3,False,False,False,False,False,False,627,2015
2015-03-21,9338,13.598843435425149,34.9,46.9,28.9,7.1,0.29,3,False,True,False,False,False,False,628,2015
2015-03-22,9676,12.476186785172931,39.9,48.0,28.9,13.8,0.01,3,False,False,True,False,False,False,629,2015
2015-03-23,13538,10.822777859851278,30.5,44.1,24.1,12.3,0.0,3,True,False,False,False,False,False,630,2015
2015-03-24,16166,11.326275310322067,33.6,44.1,24.1,7.4,0.0,3,False,False,False,False,True,False,631,2015
2015-03-25,14670,11.68099636446262,39.1,48.0,26.1,5.7,0.0,3,False,False,False,False,False,True,632,2015
2015-03-26,14954,11.843317284115736,45.2,57.0,32.0,4.4,0.05,3,False,False,False,True,False,False,633,2015
2015-03-27,14107,11.57743555208998,44.9,57.0,37.9,7.7,0.52,3,False,False,False,False,False,False,634,2015
2015-03-28,1107,12.674495633845233,37.6,46.0,33.1,10.7,0.28,3,False,True,False,False,False,False,635,2015
2015-03-29,9826,14.182955085148246,33.5,46.0,27.0,10.3,0.0,3,False,False,True,False,False,False,636,2015
2015-03-30,18075,12.113396957123102,42.2,55.0,27.0,10.8,0.0,3,True,False,False,False,False,False,637,2015
2015-03-31,14250,12.694670175438596,42.8,55.0,34.0,9.6,0.0,3,False,False,False,False,True,False,638,2015
2015-04-01,20146,13.215563883649354,39.8,51.1,34.0,8.5,0.14,4,False,False,False,False,False,True,639,2015
2015-04-02,24227,20.76717505262724,49.9,63.0,34.0,8.4,0.0,4,False,False,False,True,False,False,640,2015
2015-04-03,14774,13.698973421776996,59.2,63.0,39.0,9.5,0.0,4,False,False,False,False,False,False,641,2015
2015-04-04,14355,15.031241147103213,52.0,63.0,46.9,14.3,0.04,4,False,True,False,False,False,False,642,2015
2015-04-05,13799,18.10637848153247,50.1,62.1,43.0,11.2,0.0,4,False,False,True,False,False,False,643,2015
2015-04-06,23391,15.093338606016555,46.7,62.1,39.0,7.8,0.0,4,True,False,False,False,False,False,644,2015
2015-04-07,16262,11.673802935268316,50.6,60.1,39.0,7.7,0.01,4,False,False,False,False,True,False,645,2015
2015-04-08,17872,13.848690689346466,43.0,57.0,39.9,12.3,0.16,4,False,False,False,False,False,True,646,2015
2015-04-09,16546,11.794970587050244,39.3,46.0,37.0,12.4,0.0,4,False,False,False,True,False,False,647,2015
2015-04-10,16317,12.313068170211032,43.0,57.2,39.2,6.9,0.25,4,False,False,False,False,False,False,648,2015
2015-04-11,18643,16.437951688748235,55.3,57.2,51.1,14.7,0.24,4,False,True,False,False,False,False,649,2015
2015-04-12,19954,19.100768434065024,51.3,64.9,44.1,7.6,0.0,4,False,False,True,False,False,False,650,2015
2015-04-13,24925,15.158399197592775,55.6,64.9,44.1,8.0,0.0,4,True,False,False,False,False,False,651,2015
2015-04-14,22703,12.626147792509068,59.3,64.9,46.9,7.0,0.0,4,False,False,False,False,True,False,652,2015
2015-04-15,27594,16.23647169674567,59.1,70.0,51.1,7.4,0.0,4,False,False,False,False,False,True,653,2015
2015-04-16,27180,13.46774282560706,56.5,70.0,46.9,7.4,0.0,4,False,False,False,True,False,False,654,2015
2015-04-17,24175,15.087127886935544,59.7,71.1,46.9,9.0,0.08,4,False,False,False,False,False,False,655,2015
2015-04-18,28174,22.166673173848217,66.0,79.0,54.0,5.7,0.0,4,False,True,False,False,False,False,656,2015
2015-04-19,21475,18.129433449747754,57.6,79.0,50.0,8.8,0.0,4,False,False,True,False,False,False,657,2015
2015-04-20,11202,11.98438076533952,50.6,61.0,45.0,13.2,0.0,4,True,False,False,False,False,False,658,2015
2015-04-21,24868,16.304881105570747,57.4,66.9,45.0,9.0,0.95,4,False,False,False,False,True,False,659,2015
2015-04-22,21997,12.904648361140154,58.8,66.9,50.0,8.9,0.07,4,False,False,False,False,False,True,660,2015
2015-04-23,22074,14.39543052157893,47.4,66.9,42.1,13.5,0.1,4,False,False,False,True,False,False,661,2015
2015-04-24,20981,14.680193985034078,43.4,50.0,39.0,16.1,0.0,4,False,False,False,False,False,False,662,2015
2015-04-25,21082,18.383447965088703,46.1,60.1,39.0,11.8,0.0,4,False,True,False,False,False,False,663,2015
2015-04-26,21594,18.999813219721528,52.0,61.0,39.0,5.2,0.0,4,False,False,True,False,False,False,664,2015
2015-04-27,25501,13.12094623740246,53.8,61.0,45.0,9.9,0.0,4,True,False,False,False,False,False,665,2015
2015-04-28,29795,14.786426134138836,57.2,72.0,48.9,11.5,0.0,4,False,False,False,False,True,False,666,2015
2015-04-29,31532,14.74454945240814,64.2,75.9,51.1,8.8,0.0,4,False,False,False,False,False,True,667,2015
2015-04-30,29252,15.552346278317154,52.4,75.9,46.9,13.1,0.0,4,False,False,False,True,False,False,668,2015
2015-05-01,27924,14.358900348565154,52.6,64.0,46.9,7.6,0.0,5,False,False,False,False,False,False,669,2015
2015-05-02,25743,19.347873855675967,53.9,69.1,48.0,4.7,0.0,5,False,True,False,False,False,False,670,2015
2015-05-03,27694,20.46028622324932,59.5,75.9,48.0,6.4,0.0,5,False,False,True,False,False,False,671,2015
2015-05-04,32066,16.65191999833677,66.5,82.0,51.1,7.1,0.0,5,True,False,False,False,False,False,672,2015
2015-05-05,33012,16.947328244274807,72.7,82.0,54.0,7.5,0.0,5,False,False,False,False,True,False,673,2015
2015-05-06,30313,14.547862853121329,65.3,81.0,59.0,6.4,0.0,5,False,False,False,False,False,True,674,2015
2015-05-07,34871,15.368028352116845,64.6,75.9,52.0,5.2,0.0,5,False,False,False,True,False,False,675,2015
2015-05-08,34304,16.27749679337687,64.2,79.0,52.0,6.3,0.0,5,False,False,False,False,False,False,676,2015
2015-05-09,24329,19.635189828325583,58.0,79.0,53.1,8.4,0.0,5,False,True,False,False,False,False,677,2015
2015-05-10,26573,20.34650397019532,66.3,82.0,53.1,6.0,0.01,5,False,False,True,False,False,False,678,2015
2015-05-11,32382,16.478707306528324,74.4,82.9,57.0,9.4,0.0,5,True,False,False,False,False,False,679,2015
2015-05-12,35225,15.161436006624085,74.9,87.1,64.0,9.1,0.0,5,False,False,False,False,True,False,680,2015
2015-05-13,33402,15.454865477117137,65.1,87.1,57.9,15.3,0.0,5,False,False,False,False,False,True,681,2015
2015-05-14,40826,16.911596776563954,59.7,72.0,52.0,8.5,0.0,5,False,False,False,True,False,False,682,2015
2015-05-15,34945,15.999832117136451,63.2,73.9,52.0,7.6,0.0,5,False,False,False,False,False,False,683,2015
2015-05-16,23882,18.76949376099154,65.2,75.0,55.9,6.5,0.01,5,False,True,False,False,False,False,684,2015
2015-05-17,30969,19.890082555673967,70.4,82.9,57.0,3.2,0.28,5,False,False,True,False,False,False,685,2015
2015-05-18,31559,16.207773271227435,63.6,75.9,55.4,7.5,0.02,5,True,False,False,False,False,False,686,2015
2015-05-19,33895,14.039197030043766,61.6,82.0,55.0,6.2,0.01,5,False,False,False,False,True,False,687,2015
2015-05-20,33823,13.874159102780158,62.0,82.0,55.0,13.2,0.0,5,False,False,False,False,False,True,688,2015
2015-05-21,31214,13.769075308088253,57.1,66.0,53.1,7.0,0.0,5,False,False,False,True,False,False,689,2015
2015-05-22,31891,15.433476529428368,61.8,75.0,53.1,9.9,0.0,5,False,False,False,False,False,False,690,2015
2015-05-23,23910,20.41252892792416,59.3,75.0,50.0,11.5,0.0,5,False,True,False,False,False,False,691,2015
2015-05-24,25151,21.73567518852796,65.7,81.0,50.0,8.7,0.0,5,False,False,True,False,False,False,692,2015
2015-05-25,28164,20.071817450172805,72.5,82.9,55.9,8.8,0.0,5,True,False,False,False,False,False,693,2015
2015-05-26,35786,15.203880008942043,75.2,86.0,64.9,10.3,0.0,5,False,False,False,False,True,False,694,2015
2015-05-27,33710,13.713029763670525,73.5,86.0,66.9,9.9,0.0,5,False,False,False,False,False,True,695,2015
2015-05-28,35934,13.981679838964029,73.4,84.0,66.9,7.0,0.02,5,False,False,False,True,False,False,696,2015
2015-05-29,37756,15.598865081046718,73.0,84.0,64.0,7.2,0.0,5,False,False,False,False,False,False,697,2015
2015-05-30,31147,18.942095546922648,73.1,82.9,64.0,9.8,0.0,5,False,True,False,False,False,False,698,2015
2015-05-31,19586,18.385298172163797,74.6,86.0,66.0,9.6,0.0,5,False,False,True,False,False,False,699,2015
2015-06-01,15283,10.937380313638249,57.4,86.0,54.0,13.8,1.69,6,True,False,False,False,False,False,700,2015
2015-06-02,11984,11.23334445927904,52.0,57.9,50.0,10.2,0.47,6,False,False,False,False,True,False,701,2015
2015-06-03,34590,13.803870097330634,58.2,69.1,50.0,7.3,0.24,6,False,False,False,False,False,True,702,2015
2015-06-04,32772,13.391322368688716,58.1,69.1,53.1,9.4,0.0,6,False,False,False,True,False,False,703,2015
2015-06-05,31294,13.494241707675595,59.5,68.0,54.0,6.5,0.0,6,False,False,False,False,False,False,704,2015
2015-06-06,26334,18.094258373205736,65.7,73.9,55.9,7.3,0.55,6,False,True,False,False,False,False,705,2015
2015-06-07,30773,19.35456189950065,65.3,73.9,57.0,7.6,0.0,6,False,False,True,False,False,False,706,2015
2015-06-08,33585,14.490926008634808,67.5,77.0,57.0,11.6,0.0,6,True,False,False,False,False,False,707,2015
2015-06-09,35412,13.748893501261346,73.3,84.9,62.1,10.1,0.05,6,False,False,False,False,True,False,708,2015
2015-06-10,39350,15.831412960609914,74.2,84.9,66.0,8.2,0.01,6,False,False,False,False,False,True,709,2015
2015-06-11,37400,14.352853832442069,80.2,91.9,66.0,8.8,0.0,6,False,False,False,True,False,False,710,2015
2015-06-12,35136,14.59769656952034,80.7,91.9,71.1,7.7,0.0,6,False,False,False,False,False,False,711,2015
2015-06-13,29980,19.425647098065376,80.5,88.0,71.1,10.1,0.0,6,False,True,False,False,False,False,712,2015
2015-06-14,28184,18.83491697416974,77.0,87.1,68.0,6.3,0.0,6,False,False,True,False,False,False,713,2015
2015-06-15,25087,13.001108808014774,70.3,79.0,62.6,9.0,0.79,6,True,False,False,False,False,False,714,2015
2015-06-16,32147,13.381549859499591,68.1,79.0,62.6,7.1,0.02,6,False,False,False,False,True,False,715,2015
2015-06-17,38030,14.446373038828993,73.9,79.0,64.0,8.3,0.34,6,False,False,False,False,False,True,716,2015
2015-06-18,35464,13.128899729302956,66.8,69.8,64.4,7.5,0.0,6,False,False,False,True,False,False,717,2015
2015-06-19,37380,14.673340913144278,73.2,84.9,64.9,6.0,0.0,6,False,False,False,False,False,False,718,2015
2015-06-20,23580,16.728049194232405,69.5,84.9,64.0,8.3,0.0,6,False,True,False,False,False,False,719,2015
2015-06-21,25926,18.059541901308855,75.0,90.0,64.0,9.4,0.25,6,False,False,True,False,False,False,720,2015
2015-06-22,37677,15.11628800948412,79.6,90.0,69.1,10.1,0.29,6,True,False,False,False,False,False,721,2015
2015-06-23,32294,13.68925342168824,84.4,91.9,72.0,10.3,0.0,6,False,False,False,False,True,False,722,2015
2015-06-24,41070,15.155445580715853,77.1,91.9,69.1,10.1,0.07,6,False,False,False,False,False,True,723,2015
2015-06-25,39673,14.255832262075806,76.8,84.9,69.1,6.0,0.0,6,False,False,False,True,False,False,724,2015
2015-06-26,38614,15.524874397886776,74.8,84.9,69.1,7.7,0.0,6,False,False,False,False,False,False,725,2015
2015-06-27,15485,15.897769884834789,69.0,80.1,62.1,8.5,0.0,6,False,True,False,False,False,False,726,2015
2015-06-28,20591,17.46726320560763,64.2,73.9,60.1,12.4,1.32,6,False,False,True,False,False,False,727,2015
2015-06-29,38037,15.26037586209918,71.3,78.1,62.1,10.1,0.26,6,True,False,False,False,False,False,728,2015
2015-06-30,38087,14.458011044888456,75.3,82.0,64.0,9.5,0.0,6,False,False,False,False,True,False,729,2015
2015-07-01,37539,14.627503396467672,76.4,84.9,70.0,9.7,0.35,7,False,False,False,False,False,True,730,2015
2015-07-02,35559,17.682446544241017,75.7,84.9,70.0,6.4,0.0,7,False,False,False,True,False,False,731,2015
2015-07-03,26928,18.4512651020004,73.5,81.0,66.9,4.8,0.0,7,False,False,False,False,False,False,732,2015
2015-07-04,21706,22.563756565005065,71.8,81.0,66.9,6.9,0.0,7,False,True,False,False,False,False,733,2015
2015-07-05,25920,19.966261574074075,75.1,84.9,69.1,4.6,0.0,7,False,False,True,False,False,False,734,2015
2015-07-06,35251,15.052033039251835,77.1,84.9,70.0,6.2,0.0,7,True,False,False,False,False,False,735,2015
2015-07-07,36837,14.43857127344789,79.5,88.0,71.1,9.2,0.0,7,False,False,False,False,True,False,736,2015
2015-07-08,35047,14.531237576207188,82.0,89.1,75.0,7.7,0.0,7,False,False,False,False,False,True,737,2015
2015-07-09,31978,15.268790522650985,73.8,89.1,68.0,6.4,0.09,7,False,False,False,True,False,False,738,2015
2015-07-10,38559,15.94727473914434,75.8,84.0,68.0,9.4,0.29,7,False,False,False,False,False,False,739,2015
2015-07-11,31719,18.817512637010413,78.6,86.0,72.0,3.8,0.0,7,False,True,False,False,False,False,740,2015
2015-07-12,31037,20.14966062012007,81.1,89.1,72.0,4.9,0.0,7,False,False,True,False,False,False,741,2015
2015-07-13,38485,15.629013035381751,80.4,89.1,73.0,6.9,0.0,7,True,False,False,False,False,False,742,2015
2015-07-14,35802,14.039480103532387,76.1,84.9,71.1,6.8,0.0,7,False,False,False,False,True,False,743,2015
2015-07-15,34979,14.368374834424465,75.9,81.0,71.1,6.5,0.95,7,False,False,False,False,False,True,744,2015
2015-07-16,42356,16.969341612365035,72.1,81.0,64.0,8.7,0.01,7,False,False,False,True,False,False,745,2015
2015-07-17,39595,16.055936776529027,73.5,80.1,64.0,9.0,0.0,7,False,False,False,False,False,False,746,2015
2015-07-18,28870,18.41591790786284,76.3,86.0,68.0,9.5,0.0,7,False,True,False,False,False,False,747,2015
2015-07-19,28531,19.219338614138994,84.3,93.9,72.0,5.9,0.18,7,False,False,True,False,False,False,748,2015
2015-07-20,34889,15.001682478718218,89.1,95.0,78.1,7.1,0.0,7,True,False,False,False,False,False,749,2015
2015-07-21,38499,14.462454436045958,86.0,95.0,80.1,6.3,0.0,7,False,False,False,False,True,False,750,2015
2015-07-22,42557,15.67489876322736,77.1,91.9,71.1,11.8,0.0,7,False,False,False,False,False,True,751,2015
2015-07-23,42175,14.830885595732068,77.1,86.0,71.1,9.2,0.0,7,False,False,False,True,False,False,752,2015
2015-07-24,40330,15.098046532771308,78.2,84.9,71.1,5.4,0.0,7,False,False,False,False,False,False,753,2015
2015-07-25,31639,20.197454091469396,78.1,84.9,71.1,6.3,0.0,7,False,True,False,False,False,False,754,2015
2015-07-26,30543,18.382597212672845,79.8,89.1,71.1,9.6,0.0,7,False,False,True,False,False,False,755,2015
2015-07-27,38747,15.524270696225944,79.9,89.1,75.0,8.6,0.05,7,True,False,False,False,False,False,756,2015
2015-07-28,40434,14.02360884404214,82.8,93.9,75.9,5.0,0.0,7,False,False,False,False,True,False,757,2015
2015-07-29,39428,13.735740674985628,86.3,95.0,75.9,5.8,0.0,7,False,False,False,False,False,True,758,2015
2015-07-30,31166,13.443922864660207,82.1,95.0,75.0,8.8,0.0,7,False,False,False,True,False,False,759,2015
2015-07-31,38571,14.983280616698211,81.1,91.0,73.9,6.8,1.62,7,False,False,False,False,False,False,760,2015
2015-08-01,35179,19.966555331305607,83.7,91.0,73.9,7.8,0.0,8,False,True,False,False,False,False,761,2015
2015-08-02,31622,19.15353498619105,81.0,90.0,73.0,6.5,0.0,8,False,False,True,False,False,False,762,2015
2015-08-03,38888,14.867800692587258,82.5,91.9,73.0,9.1,0.0,8,True,False,False,False,False,False,763,2015
2015-08-04,40783,14.245816884486183,83.1,91.0,69.8,9.7,0.3,8,False,False,False,False,True,False,764,2015
2015-08-05,41075,14.349636437411242,80.5,91.0,70.0,6.3,0.0,8,False,False,False,False,False,True,765,2015
2015-08-06,42283,14.349701219560266,76.3,88.0,64.9,6.7,0.0,8,False,False,False,True,False,False,766,2015
2015-08-07,40999,15.606476580729613,75.8,82.0,69.1,8.3,0.0,8,False,False,False,False,False,False,767,2015
2015-08-08,38723,21.16163692551369,74.7,82.0,69.1,6.0,0.0,8,False,True,False,False,False,False,768,2015
2015-08-09,32716,24.251738700737658,75.7,87.1,69.1,6.8,0.0,8,False,False,True,False,False,False,769,2015
2015-08-10,39870,20.883078755956877,74.5,84.0,70.0,8.5,0.0,8,True,False,False,False,False,False,770,2015
2015-08-11,25066,21.170636852043927,75.1,82.4,71.1,10.9,0.67,8,False,False,False,False,True,False,771,2015
2015-08-12,42994,18.275141492611365,77.3,84.9,71.1,9.4,0.51,8,False,False,False,False,False,True,772,2015
2015-08-13,42170,17.915154928464155,75.7,84.9,69.1,7.6,0.0,8,False,False,False,True,False,False,773,2015
2015-08-14,39983,16.069323629209084,78.9,88.0,69.1,5.2,0.0,8,False,False,False,False,False,False,774,2015
2015-08-15,37821,21.430396252522847,81.4,91.9,71.1,6.5,0.0,8,False,True,False,False,False,False,775,2015
2015-08-16,30344,19.52853227436507,82.8,91.9,73.9,4.9,0.0,8,False,False,True,False,False,False,776,2015
2015-08-17,37449,14.14231310137342,84.7,93.0,77.0,4.8,0.0,8,True,False,False,False,False,False,777,2015
2015-08-18,39916,14.111271169455858,83.4,93.0,77.0,8.5,0.0,8,False,False,False,False,True,False,778,2015
2015-08-19,40726,15.054147637054138,80.2,89.1,75.9,9.6,0.0,8,False,False,False,False,False,True,779,2015
2015-08-20,39280,14.207862780040733,81.0,87.1,75.9,11.0,0.0,8,False,False,False,True,False,False,780,2015
2015-08-21,38038,14.394969504180034,78.7,87.1,71.1,9.1,0.32,8,False,False,False,False,False,False,781,2015
2015-08-22,34277,19.970484095263096,76.6,86.0,70.0,6.8,0.0,8,False,True,False,False,False,False,782,2015
2015-08-23,33071,18.218143287673996,75.8,84.0,70.0,5.9,0.0,8,False,False,True,False,False,False,783,2015
2015-08-24,38943,14.512043670663958,78.5,86.0,71.1,5.5,0.0,8,True,False,False,False,False,False,784,2015
2015-08-25,41655,16.293788660825026,80.6,88.0,73.0,8.3,0.0,8,False,False,False,False,True,False,785,2015
2015-08-26,42832,14.303074803884943,76.9,88.0,69.1,9.3,0.0,8,False,False,False,False,False,True,786,2015
2015-08-27,43173,14.394793427991264,74.2,82.9,68.0,9.0,0.0,8,False,False,False,True,False,False,787,2015
2015-08-28,41755,15.329681076118623,73.1,82.9,66.0,5.3,0.0,8,False,False,False,False,False,False,788,2015
2015-08-29,34381,21.110881979387838,76.8,84.9,66.0,5.3,0.0,8,False,True,False,False,False,False,789,2015
2015-08-30,32913,18.776983765280185,79.1,90.0,70.0,7.4,0.0,8,False,False,True,False,False,False,790,2015
2015-08-31,40119,14.145808303630035,82.7,91.9,72.0,7.5,0.08,8,True,False,False,False,False,False,791,2015
2015-09-01,43291,14.21552940180022,82.6,91.9,75.9,6.3,0.0,9,False,False,False,False,True,False,792,2015
2015-09-02,43225,15.4317061885483,80.2,88.0,75.0,5.6,0.0,9,False,False,False,False,False,True,793,2015
2015-09-03,42879,13.919988417018434,82.6,93.0,75.0,4.9,0.0,9,False,False,False,True,False,False,794,2015
2015-09-04,39956,15.866640804885376,80.3,93.0,75.0,8.6,0.0,9,False,False,False,False,False,False,795,2015
2015-09-05,34005,20.368827623388714,72.9,84.0,66.9,8.7,0.0,9,False,True,False,False,False,False,796,2015
2015-09-06,33199,20.810108738215007,73.9,84.0,66.9,5.1,0.0,9,False,False,True,False,False,False,797,2015
2015-09-07,33682,19.942311917344576,77.8,90.0,66.9,7.9,0.0,9,True,False,False,False,False,False,798,2015
2015-09-08,42766,15.736452243994451,83.3,95.0,71.1,7.8,0.0,9,False,False,False,False,True,False,799,2015
2015-09-09,44005,13.64256372381926,81.1,88.0,75.2,10.4,0.0,9,False,False,False,False,False,True,800,2015
2015-09-10,22253,12.542506628319773,75.3,89.1,72.0,8.5,0.66,9,False,False,False,True,False,False,801,2015
2015-09-11,47613,15.510684406919678,72.4,81.0,66.0,8.8,0.52,9,False,False,False,False,False,False,802,2015
2015-09-12,33661,19.27770169236405,74.6,81.0,66.0,7.2,0.0,9,False,True,False,False,False,False,803,2015
2015-09-13,34794,20.10507750378417,72.6,79.0,68.0,8.8,0.22,9,False,False,True,False,False,False,804,2015
2015-09-14,44668,16.586815318945703,66.6,79.0,59.0,12.8,0.05,9,True,False,False,False,False,False,805,2015
2015-09-15,48729,17.10102368883691,73.2,84.0,59.0,6.2,0.0,9,False,False,False,False,True,False,806,2015
2015-09-16,51179,16.262160586698975,76.8,87.1,64.9,2.7,0.0,9,False,False,False,False,False,True,807,2015
2015-09-17,50705,17.223370147585708,78.0,87.1,68.0,4.1,0.0,9,False,False,False,True,False,False,808,2015
2015-09-18,50285,17.841787478041837,76.9,87.1,70.0,5.0,0.0,9,False,False,False,False,False,False,809,2015
2015-09-19,43011,23.09015019413637,73.9,84.9,69.1,7.7,0.0,9,False,True,False,False,False,False,810,2015
2015-09-20,40462,22.24887837147612,73.3,80.1,69.1,10.8,0.0,9,False,False,True,False,False,False,811,2015
2015-09-21,47180,16.602875865479724,65.4,75.9,59.0,11.0,0.0,9,True,False,False,False,False,False,812,2015
2015-09-22,48685,16.310683304234704,66.3,73.0,59.0,10.8,0.0,9,False,False,False,False,True,False,813,2015
2015-09-23,48366,17.72357165501937,67.6,79.0,59.0,6.3,0.0,9,False,False,False,False,False,True,814,2015
2015-09-24,52706,17.991786197649862,69.9,81.0,59.0,6.4,0.0,9,False,False,False,True,False,False,815,2015
2015-09-25,51368,18.57582574105799,68.5,81.0,63.0,9.7,0.0,9,False,False,False,False,False,False,816,2015
2015-09-26,42560,21.346217496867165,65.9,70.0,60.8,9.5,0.0,9,False,True,False,False,False,False,817,2015
2015-09-27,38285,20.84113403857037,62.2,70.0,55.9,9.1,0.0,9,False,False,True,False,False,False,818,2015
2015-09-28,48011,17.79297174952962,68.5,79.0,55.9,6.3,0.0,9,True,False,False,False,False,False,819,2015
2015-09-29,48725,17.201326150162476,74.7,82.9,64.9,5.5,0.0,9,False,False,False,False,True,False,820,2015
2015-09-30,39445,14.548676215827944,73.2,82.9,66.0,10.6,1.05,9,False,False,False,False,False,True,821,2015
2015-10-01,34719,18.449217527386544,59.4,78.1,54.0,13.6,0.06,10,False,False,False,True,False,False,822,2015
2015-10-02,9444,18.695468022024567,53.9,57.9,50.0,16.3,0.13,10,False,False,False,False,False,False,823,2015
2015-10-03,16564,20.158481244465907,51.6,55.0,48.2,21.6,1.45,10,False,True,False,False,False,False,824,2015
2015-10-04,30214,20.876187639284208,57.1,63.0,48.9,18.2,0.02,10,False,False,True,False,False,False,825,2015
2015-10-05,44581,18.537194469990958,57.2,64.9,51.8,11.5,0.0,10,True,False,False,False,False,False,826,2015
2015-10-06,49719,17.548851210469504,62.4,73.0,52.0,5.0,0.0,10,False,False,False,False,True,False,827,2015
2015-10-07,50141,16.422139566422686,64.6,73.0,55.0,5.5,0.0,10,False,False,False,False,False,True,828,2015
2015-10-08,50179,18.02507124494311,64.2,73.0,59.0,5.9,0.0,10,False,False,False,True,False,False,829,2015
2015-10-09,37283,21.964734597537745,66.9,78.1,60.1,7.7,0.0,10,False,False,False,False,False,False,830,2015
2015-10-10,39345,23.57990553649341,60.0,78.1,52.0,8.1,0.5,10,False,True,False,False,False,False,831,2015
2015-10-11,38967,25.43378927468541,59.7,70.0,52.0,6.2,0.0,10,False,False,True,False,False,False,832,2015
2015-10-12,45584,18.562714256464258,64.5,75.9,53.1,6.4,0.0,10,True,False,False,False,False,False,833,2015
2015-10-13,49047,16.981473212768705,66.1,75.9,55.9,6.8,0.0,10,False,False,False,False,True,False,834,2015
2015-10-14,49998,15.80713161859808,64.5,73.0,59.0,9.2,0.0,10,False,False,False,False,False,True,835,2015
2015-10-15,48783,17.141100041681185,58.5,68.0,52.0,9.1,0.0,10,False,False,False,True,False,False,836,2015
2015-10-16,46484,17.56198333476751,59.0,64.0,52.0,10.0,0.0,10,False,False,False,False,False,False,837,2015
2015-10-17,31809,20.51152556404372,52.9,64.0,48.0,11.6,0.0,10,False,True,False,False,False,False,838,2015
2015-10-18,23978,16.75690424555843,44.4,55.0,39.0,11.4,0.0,10,False,False,True,False,False,False,839,2015
2015-10-19,36570,16.25212651535868,43.5,53.1,37.0,8.1,0.0,10,True,False,False,False,False,False,840,2015
2015-10-20,45376,16.72905133403855,56.0,71.1,37.0,10.5,0.0,10,False,False,False,False,True,False,841,2015
2015-10-21,49121,16.53545258986313,65.5,75.9,48.9,5.9,0.0,10,False,False,False,False,False,True,842,2015
2015-10-22,49604,17.312967368222996,65.0,75.9,57.0,7.2,0.0,10,False,False,False,True,False,False,843,2015
2015-10-23,44679,17.50610503070048,60.0,75.9,52.0,11.0,0.0,10,False,False,False,False,False,False,844,2015
2015-10-24,31713,19.284232543961995,48.3,64.9,41.0,7.7,0.0,10,False,True,False,False,False,False,845,2015
2015-10-25,29289,19.484441257810108,59.3,68.0,41.0,9.1,0.01,10,False,False,True,False,False,False,846,2015
2015-10-26,42165,15.205814854342067,53.0,68.0,48.0,8.4,0.02,10,True,False,False,False,False,False,847,2015
2015-10-27,44553,14.859671252964633,52.2,59.0,46.0,6.0,0.0,10,False,False,False,False,True,False,848,2015
2015-10-28,20736,14.432488586676952,56.9,70.0,46.0,12.7,0.0,10,False,False,False,False,False,True,849,2015
2015-10-29,45358,16.448131898819764,67.6,73.9,51.1,13.5,1.26,10,False,False,False,True,False,False,850,2015
2015-10-30,44518,15.936337361666444,56.8,73.9,51.1,13.4,0.01,10,False,False,False,False,False,False,851,2015
2015-10-31,31756,20.491124511903266,49.0,60.1,43.0,7.8,0.0,10,False,True,False,False,False,False,852,2015
2015-11-01,30622,20.196167787864933,57.3,64.9,43.0,7.1,0.0,11,False,False,True,False,False,False,853,2015
2015-11-02,44534,16.637726605889135,60.2,64.9,53.1,4.9,0.0,11,True,False,False,False,False,False,854,2015
2015-11-03,49326,18.01580370055008,61.3,73.0,51.1,2.5,0.0,11,False,False,False,False,True,False,855,2015
2015-11-04,49487,16.941281548689552,61.5,73.0,51.1,3.6,0.0,11,False,False,False,False,False,True,856,2015
2015-11-05,43006,15.287937729619118,62.0,71.1,55.0,3.3,0.0,11,False,False,False,True,False,False,857,2015
2015-11-06,47162,17.097363696761516,68.3,75.0,57.0,7.5,0.0,11,False,False,False,False,False,False,858,2015
2015-11-07,35586,21.318811236628637,65.9,75.0,57.0,9.2,0.0,11,False,True,False,False,False,False,859,2015
2015-11-08,32317,19.78849264061227,53.5,72.0,48.0,9.9,0.0,11,False,False,True,False,False,False,860,2015
2015-11-09,42262,15.837494676068337,53.0,60.1,46.0,2.9,0.0,11,True,False,False,False,False,False,861,2015
2015-11-10,21585,13.018756080611531,56.0,60.1,46.0,9.6,0.0,11,False,False,False,False,True,False,862,2015
2015-11-11,37705,14.937811077222298,53.2,59.0,50.0,12.7,0.5,11,False,False,False,False,False,True,863,2015
2015-11-12,37319,13.343849424332555,55.2,60.1,50.0,8.0,0.23,11,False,False,False,True,False,False,864,2015
2015-11-13,38970,14.539436746215042,56.8,60.1,51.1,16.1,0.01,11,False,False,False,False,False,False,865,2015
2015-11-14,25299,17.232278614437984,47.8,59.0,45.0,16.2,0.0,11,False,True,False,False,False,False,866,2015
2015-11-15,25990,18.136986020264207,47.4,59.0,42.1,8.5,0.0,11,False,False,True,False,False,False,867,2015
2015-11-16,40916,15.26048530322286,58.8,68.0,42.1,5.7,0.0,11,True,False,False,False,False,False,868,2015
2015-11-17,38939,14.368553806380918,49.1,68.0,41.0,10.7,0.0,11,False,False,False,False,True,False,869,2015
2015-11-18,41485,13.985746655417628,50.5,59.0,41.0,7.3,0.0,11,False,False,False,False,False,True,870,2015
2015-11-19,21890,14.644936805238308,59.7,64.0,45.0,11.7,0.0,11,False,False,False,True,False,False,871,2015
2015-11-20,38205,16.313732059503558,58.9,64.4,53.1,12.5,1.16,11,False,False,False,False,False,False,872,2015
2015-11-21,28038,16.86766887795135,47.2,64.0,43.0,8.7,0.0,11,False,True,False,False,False,False,873,2015
2015-11-22,23343,16.721426837453055,52.1,55.9,43.0,7.9,0.0,11,False,False,True,False,False,False,874,2015
2015-11-23,30136,13.275741084859744,41.8,55.9,36.0,13.2,0.0,11,True,False,False,False,False,False,875,2015
2015-11-24,32218,13.300495582179732,39.2,46.9,33.1,7.2,0.0,11,False,False,False,False,True,False,876,2015
2015-11-25,30295,15.095552071298895,44.0,48.9,33.1,6.5,0.0,11,False,False,False,False,False,True,877,2015
2015-11-26,13291,23.749510947257548,48.1,60.1,39.9,3.9,0.0,11,False,False,False,True,False,False,878,2015
2015-11-27,22824,18.52700738988199,55.6,64.9,41.0,5.0,0.0,11,False,False,False,False,False,False,879,2015
2015-11-28,15830,17.995388502842705,57.2,64.9,46.9,6.8,0.0,11,False,True,False,False,False,False,880,2015
2015-11-29,18452,15.968623997398652,43.0,46.9,37.9,8.7,0.03,11,False,False,True,False,False,False,881,2015
2015-11-30,30213,12.731424111033878,39.8,46.0,33.8,10.5,0.0,11,True,False,False,False,False,False,882,2015
2015-12-01,18399,12.880604924180664,47.1,53.6,44.1,9.6,0.13,12,False,False,False,False,True,False,883,2015
2015-12-02,23782,13.507134247189752,48.1,55.4,46.0,5.1,0.24,12,False,False,False,False,False,True,884,2015
2015-12-03,33917,13.151216204263353,51.4,57.2,46.9,11.5,0.1,12,False,False,False,True,False,False,885,2015
2015-12-04,34737,14.553756321309647,46.9,55.9,44.1,10.5,0.0,12,False,False,False,False,False,False,886,2015
2015-12-05,26358,21.226578268457395,47.1,52.0,43.0,4.1,0.0,12,False,True,False,False,False,False,887,2015
2015-12-06,24943,19.680364564540483,47.1,53.1,39.9,3.6,0.0,12,False,False,True,False,False,False,888,2015
2015-12-07,34139,14.107047658103632,48.8,55.0,39.9,4.5,0.0,12,True,False,False,False,False,False,889,2015
2015-12-08,35614,13.692017184253388,45.3,55.0,41.0,6.5,0.0,12,False,False,False,False,True,False,890,2015
2015-12-09,35306,14.534629147076036,45.7,53.1,39.0,4.2,0.0,12,False,False,False,False,False,True,891,2015
2015-12-10,39099,14.72724963127787,55.0,61.0,39.0,6.0,0.0,12,False,False,False,True,False,False,892,2015
2015-12-11,39060,15.87940348182284,54.3,61.0,48.9,5.4,0.0,12,False,False,False,False,False,False,893,2015
2015-12-12,31957,20.00469954417916,59.0,66.0,48.9,3.6,0.0,12,False,True,False,False,False,False,894,2015
2015-12-13,32001,19.6570409258044,57.1,66.0,53.1,3.3,0.0,12,False,False,True,False,False,False,895,2015
2015-12-14,32518,13.526458166758925,53.7,62.1,51.1,5.6,0.0,12,True,False,False,False,False,False,896,2015
2015-12-15,38661,13.750234517127511,60.7,64.4,55.0,12.4,0.39,12,False,False,False,False,True,False,897,2015
2015-12-16,35643,13.286628978106966,50.0,64.0,45.0,10.8,0.11,12,False,False,False,False,False,True,898,2015
2015-12-17,21961,14.378934626534916,53.4,59.0,48.0,6.5,0.05,12,False,False,False,True,False,False,899,2015
2015-12-18,30704,14.703712328469692,51.1,59.0,43.0,9.6,0.88,12,False,False,False,False,False,False,900,2015
2015-12-19,17778,14.954873064086694,39.2,57.0,36.0,15.5,0.01,12,False,True,False,False,False,False,901,2015
2015-12-20,17030,16.171584458798197,39.8,44.1,36.0,12.0,0.0,12,False,False,True,False,False,False,902,2015
2015-12-21,29800,12.92418903803132,45.6,55.0,36.0,8.0,0.0,12,True,False,False,False,False,False,903,2015
2015-12-22,22941,13.471548029001934,56.8,62.6,55.0,6.4,0.0,12,False,False,False,False,True,False,904,2015
2015-12-23,14817,13.37780364896178,54.2,62.1,50.0,6.1,0.18,12,False,False,False,False,False,True,905,2015
2015-12-24,18447,18.842397137745973,64.0,72.0,50.0,9.2,1.46,12,False,False,False,True,False,False,906,2015
2015-12-25,12333,34.91361253006838,60.3,72.0,54.0,2.3,0.01,12,False,False,False,False,False,False,907,2015
2015-12-26,13914,23.211406976187053,54.5,64.0,50.0,7.7,0.03,12,False,True,False,False,False,False,908,2015
2015-12-27,13177,21.12411651615188,52.4,62.6,46.0,6.8,0.14,12,False,False,True,False,False,False,909,2015
2015-12-28,18889,14.818268127834545,44.8,62.1,39.0,11.7,0.02,12,True,False,False,False,False,False,910,2015
2015-12-29,13347,12.11237981069404,40.2,46.9,33.8,12.7,0.37,12,False,False,False,False,True,False,911,2015
2015-12-30,22477,15.921718497426998,41.8,48.0,34.0,4.8,0.13,12,False,False,False,False,False,True,912,2015
2015-12-31,20376,16.815838895432535,47.0,48.2,46.0,5.7,0.17,12,False,False,False,True,False,False,913,2015
2016-01-01,11009,20.21896781421261,41.9,50.0,39.0,11.8,0.03,1,False,False,False,False,False,False,914,2016
2016-01-02,14587,17.119549370444012,37.3,43.0,34.0,11.9,0.0,1,False,True,False,False,False,False,915,2016
2016-01-03,15499,15.7432909650085,40.0,46.9,34.0,9.9,0.0,1,False,False,True,False,False,False,916,2016
2016-01-04,19593,12.859374946834752,33.7,46.9,21.0,13.9,0.0,1,True,False,False,False,False,False,917,2016
2016-01-05,18053,11.371251315570822,19.5,37.9,12.9,13.8,0.0,1,False,False,False,False,True,False,918,2016
2016-01-06,24569,13.925138724951497,32.2,43.0,12.9,4.2,0.0,1,False,False,False,False,False,True,919,2016
2016-01-07,27773,12.8975695819681,39.0,48.0,26.1,3.7,0.0,1,False,False,False,True,False,False,920,2016
2016-01-08,28709,14.043273886237763,40.3,48.0,32.0,7.0,0.0,1,False,False,False,False,False,False,921,2016
2016-01-09,20846,14.839802999776134,43.7,48.0,34.0,10.8,0.0,1,False,True,False,False,False,False,922,2016
2016-01-10,14275,15.183514302393464,50.9,59.0,41.0,12.7,0.63,1,False,False,True,False,False,False,923,2016
2016-01-11,22937,11.935826394035836,37.8,59.0,30.9,16.0,0.79,1,True,False,False,False,False,False,924,2016
2016-01-12,25211,12.20320362804596,32.9,45.0,26.1,9.0,0.0,1,False,False,False,False,True,False,925,2016
2016-01-13,21133,13.283152731115637,29.3,45.0,24.1,16.9,0.0,1,False,False,False,False,False,True,926,2016
2016-01-14,23780,13.019561956826465,28.7,39.0,24.1,11.0,0.0,1,False,False,False,True,False,False,927,2016
2016-01-15,28435,14.487640818240434,40.2,52.0,24.1,4.8,0.0,1,False,False,False,False,False,False,928,2016
2016-01-16,19178,16.918041505892166,46.3,52.0,34.0,9.6,0.24,1,False,True,False,False,False,False,929,2016
2016-01-17,12024,16.351681359503214,38.9,46.9,30.2,9.5,0.02,1,False,False,True,False,False,False,930,2016
2016-01-18,12718,12.472764323530953,29.0,44.1,24.1,15.0,0.05,1,True,False,False,False,False,False,931,2016
2016-01-19,17281,11.166679204521342,22.8,33.1,18.0,19.0,0.0,1,False,False,False,False,True,False,932,2016
2016-01-20,23420,12.554346712211784,32.1,37.9,18.0,13.0,0.0,1,False,False,False,False,False,True,933,2016
2016-01-21,23672,13.70497563929256,32.6,37.9,28.0,10.8,0.0,1,False,False,False,True,False,False,934,2016
2016-01-22,20950,14.860442322991249,27.3,37.9,21.9,10.5,0.0,1,False,False,False,False,False,False,935,2016
2016-01-27,6761,17.990472316718428,44.4,48.9,35.1,10.3,0.01,1,False,False,False,False,False,True,940,2016
2016-01-28,11946,16.815265918857076,37.9,48.0,28.9,5.4,0.0,1,False,False,False,True,False,False,941,2016
2016-01-29,16028,14.059549954246732,39.8,44.1,28.9,8.0,0.0,1,False,False,False,False,False,False,942,2016
2016-01-30,12973,15.286832909375883,34.0,42.1,30.0,10.4,0.0,1,False,True,False,False,False,False,943,2016
2016-01-31,16118,16.035860528601564,42.4,55.9,30.0,6.8,0.0,1,False,False,True,False,False,False,944,2016
2016-02-01,24334,13.250679433440183,50.5,59.0,37.0,6.5,0.0,2,True,False,False,False,False,False,945,2016
2016-02-02,28528,14.370903439895306,45.5,59.0,37.9,5.0,0.0,2,False,False,False,False,True,False,946,2016
2016-02-03,16203,11.663013022279824,48.1,57.0,37.9,9.0,0.0,2,False,False,False,False,False,True,947,2016
2016-02-04,27766,15.733332132824314,54.0,57.9,42.1,8.2,0.69,2,False,False,False,True,False,False,948,2016
2016-02-05,13670,13.922404291636186,39.4,57.9,32.0,13.7,0.31,2,False,False,False,False,False,False,949,2016
2016-02-06,16933,16.37174255398728,36.0,44.1,32.0,9.3,0.05,2,False,True,False,False,False,False,950,2016
2016-02-07,17605,15.89026412950866,39.6,46.0,32.0,5.0,0.0,2,False,False,True,False,False,False,951,2016
2016-02-08,19026,12.806705736010374,36.7,39.9,30.2,13.5,0.0,2,True,False,False,False,False,False,952,2016
2016-02-09,22741,13.106703750934436,30.2,41.0,27.0,8.3,0.06,2,False,False,False,False,True,False,953,2016
2016-02-10,22420,13.478496134403809,35.4,39.9,27.0,7.6,0.01,2,False,False,False,False,False,True,954,2016
2016-02-11,18748,13.523118021477853,28.1,39.9,23.0,17.3,0.0,2,False,False,False,True,False,False,955,2016
2016-02-12,16449,15.263371633533952,21.7,32.0,17.1,12.3,0.05,2,False,False,False,False,False,False,956,2016
2016-02-13,6625,13.904042767295596,21.6,27.0,10.9,17.0,0.0,2,False,True,False,False,False,False,957,2016
2016-02-14,4653,15.776377247653844,8.3,24.1,1.0,15.8,0.0,2,False,False,True,False,False,False,958,2016
2016-02-15,5884,11.873243825062312,19.1,30.9,1.0,6.2,0.0,2,True,False,False,False,False,False,959,2016
2016-02-16,14542,12.414541787007748,46.1,57.2,30.9,13.4,0.49,2,False,False,False,False,True,False,960,2016
2016-02-17,23572,12.86050115956785,39.9,57.0,35.1,12.6,0.8,2,False,False,False,False,False,True,961,2016
2016-02-18,22261,14.31494392285462,33.9,41.0,28.9,12.8,0.0,2,False,False,False,True,False,False,962,2016
2016-02-19,21959,13.206008925725218,30.2,37.4,25.0,7.6,0.0,2,False,False,False,False,False,False,963,2016
2016-02-20,24484,20.46163412841039,47.4,62.1,25.0,10.1,0.0,2,False,True,False,False,False,False,964,2016
2016-02-21,20052,19.637280570516655,53.1,62.1,39.9,8.4,0.0,2,False,False,True,False,False,False,965,2016
2016-02-22,28233,14.050746762063309,46.0,57.0,39.0,6.1,0.05,2,True,False,False,False,False,False,966,2016
2016-02-23,16133,12.8781131841567,38.8,53.1,36.0,13.0,0.0,2,False,False,False,False,True,False,967,2016
2016-02-24,9761,11.923438513813476,39.8,55.4,35.6,14.0,0.3,2,False,False,False,False,False,True,968,2016
2016-02-25,25102,12.412082038615784,52.7,61.0,36.0,17.1,1.48,2,False,False,False,True,False,False,969,2016
2016-02-26,22573,12.97242649773328,36.6,41.0,33.1,17.7,0.02,2,False,False,False,False,False,False,970,2016
2016-02-27,17226,16.94913986609389,32.6,42.1,28.0,11.5,0.0,2,False,True,False,False,False,False,971,2016
2016-02-28,25437,20.957101204282477,46.3,61.0,28.0,10.1,0.0,2,False,False,True,False,False,False,972,2016
2016-02-29,27954,13.314709284300395,51.2,61.0,39.0,9.4,0.0,2,True,False,False,False,False,False,973,2016
2016-03-01,30509,15.124711287379675,46.6,61.0,39.9,11.4,0.07,3,False,False,False,False,True,False,974,2016
2016-03-02,26195,13.532020741871856,46.5,55.9,36.0,15.1,0.17,3,False,False,False,False,False,True,975,2016
2016-03-03,24061,13.28557208761066,31.5,36.0,27.0,11.9,0.0,3,False,False,False,True,False,False,976,2016
2016-03-04,17369,12.66162895580248,33.7,42.1,27.0,10.0,0.04,3,False,False,False,False,False,False,977,2016
2016-03-05,18023,16.747829625108654,34.8,42.1,30.0,9.4,0.04,3,False,True,False,False,False,False,978,2016
2016-03-06,18832,16.345742176437266,37.8,46.9,30.0,4.5,0.0,3,False,False,True,False,False,False,979,2016
2016-03-07,31492,16.197380287057037,45.1,61.0,33.1,9.3,0.0,3,True,False,False,False,False,False,980,2016
2016-03-08,36521,15.032190611794125,53.9,64.0,37.0,5.8,0.0,3,False,False,False,False,True,False,981,2016
2016-03-09,41490,18.328602876195077,54.0,75.0,41.0,5.3,0.0,3,False,False,False,False,False,True,982,2016
2016-03-10,42252,17.652698886048785,70.0,78.1,64.0,6.7,0.0,3,False,False,False,True,False,False,983,2016
2016-03-11,38195,18.275407775886897,61.2,78.1,54.0,9.7,0.04,3,False,False,False,False,False,False,984,2016
2016-03-12,32771,22.65650524345712,49.6,66.0,41.0,7.2,0.0,3,False,True,False,False,False,False,985,2016
2016-03-13,27550,22.446108892921963,56.7,64.0,41.0,5.6,0.0,3,False,False,True,False,False,False,986,2016
2016-03-14,10930,12.241709362610552,47.6,64.0,41.0,12.0,0.02,3,True,False,False,False,False,False,987,2016
2016-03-15,31596,15.491558530615697,48.0,57.0,41.0,12.8,0.17,3,False,False,False,False,True,False,988,2016
2016-03-16,36067,16.4251014315949,53.5,64.9,44.1,3.2,0.0,3,False,False,False,False,False,True,989,2016
2016-03-17,35390,16.21275737025525,52.2,64.9,45.0,7.6,0.02,3,False,False,False,True,False,False,990,2016
2016-03-18,34647,15.460024917982317,53.0,64.0,45.0,13.3,0.04,3,False,False,False,False,False,False,991,2016
2016-03-19,24048,18.36390552228876,43.5,57.0,37.0,7.0,0.0,3,False,True,False,False,False,False,992,2016
2016-03-20,16678,19.04426390054764,38.9,46.9,33.1,12.7,0.0,3,False,False,True,False,False,False,993,2016
2016-03-21,26414,13.608512531233435,39.6,50.0,33.1,10.4,0.14,3,True,False,False,False,False,False,994,2016
2016-03-22,33497,15.566450726930771,43.8,55.0,37.0,13.6,0.07,3,False,False,False,False,True,False,995,2016
2016-03-23,40983,17.209375838762405,57.4,71.1,50.0,9.1,0.0,3,False,False,False,False,False,True,996,2016
2016-03-24,36495,15.03523542037722,50.1,71.1,44.1,11.2,0.0,3,False,False,False,True,False,False,997,2016
2016-03-25,34097,19.251851580295423,55.9,73.0,44.1,7.9,0.0,3,False,False,False,False,False,False,998,2016
2016-03-26,27478,25.45250139505544,47.0,73.0,39.0,10.5,0.07,3,False,True,False,False,False,False,999,2016
2016-03-27,22483,21.431044196355767,45.8,54.0,39.0,6.8,0.0,3,False,False,True,False,False,False,1000,2016
2016-03-28,20345,14.658629474891455,47.3,62.1,42.8,11.2,0.19,3,True,False,False,False,False,False,1001,2016
2016-03-29,31481,14.373479770867084,49.7,63.0,43.0,21.8,0.32,3,False,False,False,False,True,False,1002,2016
2016-03-30,33684,16.178734216047182,45.4,53.1,39.0,10.7,0.0,3,False,False,False,False,False,True,1003,2016
2016-03-31,38348,18.082657939570947,57.2,70.0,39.0,11.1,0.0,3,False,False,False,True,False,False,1004,2016
2016-04-01,34449,17.703992859008977,62.6,79.0,48.9,9.1,0.0,4,False,False,False,False,False,False,1005,2016
2016-04-02,21839,18.66131919959704,56.3,79.0,48.9,6.9,0.01,4,False,True,False,False,False,False,1006,2016
2016-04-03,15322,18.47535134664753,42.3,61.0,35.1,19.7,0.24,4,False,False,True,False,False,False,1007,2016
2016-04-04,12302,11.23661735219206,39.7,50.0,35.1,9.4,0.11,4,True,False,False,False,False,False,1008,2016
2016-04-05,26238,15.076870061234336,33.3,45.0,27.0,13.3,0.5,4,False,False,False,False,True,False,1009,2016
2016-04-06,29365,15.281174300471084,39.0,48.0,27.0,9.9,0.0,4,False,False,False,False,False,True,1010,2016
2016-04-07,30402,13.857027498190908,52.0,60.1,32.0,12.8,0.0,4,False,False,False,True,False,False,1011,2016
2016-04-08,30817,16.405474792052004,48.9,60.1,44.1,13.7,0.15,4,False,False,False,False,False,False,1012,2016
2016-04-09,12702,20.6566826746444,41.1,46.9,37.4,8.1,0.0,4,False,True,False,False,False,False,1013,2016
2016-04-10,23229,20.43258713963867,40.5,50.0,33.1,11.5,0.07,4,False,False,True,False,False,False,1014,2016
2016-04-11,32048,14.77218131136628,50.2,61.0,33.1,11.7,0.0,4,True,False,False,False,False,False,1015,2016
2016-04-12,23765,13.98445332772284,53.2,61.0,44.1,10.9,0.04,4,False,False,False,False,True,False,1016,2016
2016-04-13,37539,15.087523642078905,48.4,57.9,42.1,8.8,0.19,4,False,False,False,False,False,True,1017,2016
2016-04-14,38505,16.651420594727952,49.9,61.0,42.1,6.5,0.0,4,False,False,False,True,False,False,1018,2016
2016-04-15,39676,15.26766937191249,50.8,63.0,43.0,5.2,0.0,4,False,False,False,False,False,False,1019,2016
2016-04-16,36148,21.125675002766407,52.6,64.9,44.1,6.7,0.0,4,False,True,False,False,False,False,1020,2016
2016-04-17,38843,24.615982287670874,55.8,73.9,45.0,4.5,0.0,4,False,False,True,False,False,False,1021,2016
2016-04-18,43994,17.210900350047726,62.5,80.1,48.0,4.4,0.0,4,True,False,False,False,False,False,1022,2016
2016-04-19,46075,15.246389943931998,65.5,80.1,48.9,8.6,0.0,4,False,False,False,False,True,False,1023,2016
2016-04-20,44547,17.056459095636818,58.8,69.1,51.1,10.7,0.0,4,False,False,False,False,False,True,1024,2016
2016-04-21,45570,15.988536317752908,58.8,70.0,50.0,8.2,0.0,4,False,False,False,True,False,False,1025,2016
2016-04-22,48815,19.96650756256616,70.0,78.1,50.0,7.1,0.0,4,False,False,False,False,False,False,1026,2016
2016-04-23,33647,23.983271911314528,66.5,78.1,61.0,8.7,0.14,4,False,True,False,False,False,False,1027,2016
2016-04-24,37866,23.703855701684887,56.5,69.1,48.0,9.7,0.0,4,False,False,True,False,False,False,1028,2016
2016-04-25,42308,17.729564542560908,56.6,68.0,48.0,6.5,0.0,4,True,False,False,False,False,False,1029,2016
2016-04-26,34643,16.306175850821237,54.4,68.0,50.0,9.4,0.19,4,False,False,False,False,True,False,1030,2016
2016-04-27,41931,17.22067404386572,51.1,57.9,46.4,7.9,0.11,4,False,False,False,False,False,True,1031,2016
2016-04-28,37428,15.516839442841365,53.3,60.1,46.9,8.3,0.0,4,False,False,False,True,False,False,1032,2016
2016-04-29,34878,18.542412600110847,52.0,59.0,48.0,7.8,0.0,4,False,False,False,False,False,False,1033,2016
2016-04-30,38258,25.188611096589817,52.8,63.0,46.9,6.2,0.02,4,False,True,False,False,False,False,1034,2016
2016-05-01,10697,14.554683556137237,50.1,63.0,46.9,7.3,0.0,5,False,False,True,False,False,False,1035,2016
2016-05-02,38537,17.37560569495982,50.6,61.0,44.6,6.1,0.15,5,True,False,False,False,False,False,1036,2016
2016-05-03,22858,16.129716073147254,54.5,62.1,45.0,7.3,0.73,5,False,False,False,False,True,False,1037,2016
2016-05-04,31619,13.670899880873316,51.3,55.0,48.9,9.0,0.07,5,False,False,False,False,False,True,1038,2016
2016-05-05,39903,15.952207018686977,51.8,57.9,46.9,11.6,0.02,5,False,False,False,True,False,False,1039,2016
2016-05-06,18860,14.94222781901732,52.2,57.9,46.9,13.0,0.38,5,False,False,False,False,False,False,1040,2016
2016-05-07,31078,20.771490550657493,52.3,57.2,48.2,8.7,0.18,5,False,True,False,False,False,False,1041,2016
2016-05-08,31197,21.021818337233285,55.4,64.9,48.9,9.8,0.07,5,False,False,True,False,False,False,1042,2016
2016-05-09,45724,17.347089420581465,62.9,73.9,48.9,9.9,0.08,5,True,False,False,False,False,False,1043,2016
2016-05-10,44849,15.381039339412997,59.1,73.9,51.1,7.6,0.0,5,False,False,False,False,True,False,1044,2016
2016-05-11,51181,16.62300365369962,63.0,73.9,51.1,5.4,0.0,5,False,False,False,False,False,True,1045,2016
2016-05-12,52273,16.941524623929503,66.2,78.1,53.1,5.7,0.0,5,False,False,False,True,False,False,1046,2016
2016-05-13,32391,16.22495446265938,61.6,78.1,55.9,5.7,0.0,5,False,False,False,False,False,False,1047,2016
2016-05-14,42063,23.04813177059807,66.2,73.0,57.9,6.8,0.25,5,False,True,False,False,False,False,1048,2016
2016-05-15,28661,20.685222660293316,56.0,73.0,48.0,15.4,0.0,5,False,False,True,False,False,False,1049,2016
2016-05-16,42787,17.32728827291779,52.8,68.0,44.1,16.9,0.0,5,True,False,False,False,False,False,1050,2016
2016-05-17,43396,15.650359480136412,62.3,68.0,44.1,9.2,0.0,5,False,False,False,False,True,False,1051,2016
2016-05-18,44803,16.13090008853574,59.3,69.1,55.0,7.2,0.0,5,False,False,False,False,False,True,1052,2016
2016-05-19,49182,16.14981700622179,60.9,71.1,55.0,5.3,0.0,5,False,False,False,True,False,False,1053,2016
2016-05-20,52543,18.39868139745859,64.4,78.1,55.9,5.7,0.0,5,False,False,False,False,False,False,1054,2016
2016-05-21,30519,19.704298961302797,62.4,78.1,57.0,6.3,0.0,5,False,True,False,False,False,False,1055,2016
2016-05-22,37802,19.757680369645335,60.7,71.1,54.0,6.5,0.18,5,False,False,True,False,False,False,1056,2016
2016-05-23,48578,15.865359147487892,65.0,77.0,54.0,6.0,0.11,5,True,False,False,False,False,False,1057,2016
2016-05-24,34796,14.567491474115805,65.6,77.0,55.9,5.3,0.26,5,False,False,False,False,True,False,1058,2016
2016-05-25,53439,16.455156034606436,74.4,90.0,60.1,3.9,0.02,5,False,False,False,False,False,True,1059,2016
2016-05-26,52133,15.946899916239875,82.2,91.9,60.1,7.2,0.0,5,False,False,False,True,False,False,1060,2016
2016-05-27,46937,17.443640056529684,76.6,91.9,55.0,7.2,0.0,5,False,False,False,False,False,False,1061,2016
2016-05-28,34222,21.96118432587224,79.9,91.9,66.9,8.4,0.0,5,False,True,False,False,False,False,1062,2016
2016-05-29,36877,24.4514724625105,80.0,91.9,73.0,9.1,0.0,5,False,False,True,False,False,False,1063,2016
2016-05-30,32619,19.59295758095997,73.5,87.1,69.1,6.6,1.53,5,True,False,False,False,False,False,1064,2016
2016-05-31,49756,15.286392595867834,76.7,86.0,69.1,7.5,0.0,5,False,False,False,False,True,False,1065,2016
2016-06-01,54665,18.26995914509589,76.0,84.0,68.0,6.7,0.0,6,False,False,False,False,False,True,1066,2016
2016-06-02,54401,16.1135689907661,68.9,82.9,62.1,9.2,0.0,6,False,False,False,True,False,False,1067,2016
2016-06-03,38975,15.665131922172334,66.3,73.9,62.1,6.3,0.0,6,False,False,False,False,False,False,1068,2016
2016-06-04,40977,21.640899773043415,72.8,82.9,63.0,5.5,0.02,6,False,True,False,False,False,False,1069,2016
2016-06-05,22397,17.38387432840707,69.3,82.9,66.0,7.5,0.27,6,False,False,True,False,False,False,1070,2016
2016-06-06,52149,16.091471872263448,75.1,87.1,66.9,9.1,0.67,6,True,False,False,False,False,False,1071,2016
2016-06-07,51812,15.050389549396536,79.3,87.1,68.0,9.1,0.0,6,False,False,False,False,True,False,1072,2016
2016-06-08,42250,13.55235818540434,64.9,87.1,55.0,13.0,0.01,6,False,False,False,False,False,True,1073,2016
2016-06-09,52905,15.755235800018902,63.6,73.9,55.0,17.1,0.44,6,False,False,False,True,False,False,1074,2016
2016-06-10,53299,16.033148214162864,67.9,78.1,55.9,12.0,0.0,6,False,False,False,False,False,False,1075,2016
2016-06-11,41030,18.50436956698352,74.6,90.0,59.0,7.0,0.0,6,False,True,False,False,False,False,1076,2016
2016-06-12,40637,19.7286159575428,80.2,90.0,64.0,14.0,0.1,6,False,False,True,False,False,False,1077,2016
2016-06-13,49069,15.067314054358832,66.0,86.0,59.0,16.9,0.0,6,True,False,False,False,False,False,1078,2016
2016-06-14,54813,15.484833889770671,69.0,81.0,59.0,11.2,0.0,6,False,False,False,False,True,False,1079,2016
2016-06-15,55049,15.63579962094377,75.3,87.1,60.1,6.2,0.0,6,False,False,False,False,False,True,1080,2016
2016-06-16,46198,14.32881690405068,73.3,87.1,66.0,4.4,0.12,6,False,False,False,True,False,False,1081,2016
2016-06-17,54236,16.92154841802493,71.2,77.0,66.0,6.4,0.0,6,False,False,False,False,False,False,1082,2016
2016-06-18,48901,20.863376345405342,73.0,86.0,63.0,5.3,0.0,6,False,True,False,False,False,False,1083,2016
2016-06-19,45270,21.22478757087107,75.1,86.0,63.0,7.5,0.0,6,False,False,True,False,False,False,1084,2016
2016-06-20,52247,15.858149431227314,73.4,84.0,66.0,6.9,0.0,6,True,False,False,False,False,False,1085,2016
2016-06-21,53564,14.2659513230279,80.8,89.1,66.0,10.0,0.0,6,False,False,False,False,True,False,1086,2016
2016-06-22,55749,15.74638289476044,77.9,89.1,66.9,8.8,0.0,6,False,False,False,False,False,True,1087,2016
2016-06-23,53206,14.59984274956458,74.3,86.0,66.9,6.8,0.0,6,False,False,False,True,False,False,1088,2016
2016-06-24,54186,15.930940648876094,74.7,84.9,68.0,8.7,0.0,6,False,False,False,False,False,False,1089,2016
2016-06-25,43000,20.47097286821705,73.3,84.9,64.9,8.0,0.0,6,False,True,False,False,False,False,1090,2016
2016-06-26,42992,19.894191555017983,75.8,86.0,64.9,7.5,0.0,6,False,False,True,False,False,False,1091,2016
2016-06-27,47023,14.955021656069016,75.7,86.0,69.1,9.9,0.0,6,True,False,False,False,False,False,1092,2016
2016-06-28,49593,14.705213101311346,72.6,84.0,69.1,9.3,0.54,6,False,False,False,False,True,False,1093,2016
2016-06-29,54882,14.842684304507854,75.7,87.1,70.0,5.5,0.07,6,False,False,False,False,False,True,1094,2016
2016-06-30,54843,14.294404026037965,77.6,87.1,70.0,6.9,0.0,6,False,False,False,True,False,False,1095,2016
2016-07-01,39669,17.035908391943327,76.9,87.1,70.0,8.4,0.0,7,False,False,False,False,False,False,1096,2016
2016-07-02,35837,20.688649533536104,72.9,81.0,68.0,11.5,0.28,7,False,True,False,False,False,False,1097,2016
2016-07-03,35348,23.12733818037796,75.4,82.0,68.0,7.3,0.0,7,False,False,True,False,False,False,1098,2016
2016-07-04,34860,20.668269745649265,76.7,86.0,69.1,7.8,0.0,7,True,False,False,False,False,False,1099,2016
2016-07-05,43744,14.842111299073398,76.0,89.1,69.1,6.3,1.08,7,False,False,False,False,True,False,1100,2016
2016-07-06,51353,14.844884102843718,85.8,96.1,69.1,5.3,0.57,7,False,False,False,False,False,True,1101,2016
2016-07-07,48742,14.107261704484838,85.1,96.1,77.0,7.3,0.0,7,False,False,False,True,False,False,1102,2016
2016-07-08,44419,16.502004772732388,78.8,93.0,73.9,6.5,0.02,7,False,False,False,False,False,False,1103,2016
2016-07-09,38142,17.58379695174174,70.3,86.0,66.0,9.0,0.01,7,False,True,False,False,False,False,1104,2016
2016-07-10,41991,20.96528779976661,73.0,81.0,66.9,7.0,0.41,7,False,False,True,False,False,False,1105,2016
2016-07-11,52870,15.01155917029191,74.5,82.0,68.5,8.7,0.0,7,True,False,False,False,False,False,1106,2016
2016-07-12,56537,16.041030062908657,76.6,84.0,69.1,8.1,0.0,7,False,False,False,False,True,False,1107,2016
2016-07-13,55486,16.676759302646918,78.1,86.0,71.1,8.8,0.0,7,False,False,False,False,False,True,1108,2016
2016-07-14,50350,15.634059582919566,80.4,91.0,73.0,7.8,0.0,7,False,False,False,True,False,False,1109,2016
2016-07-15,48572,15.101955173076394,86.6,91.9,75.0,6.4,0.5,7,False,False,False,False,False,False,1110,2016
2016-07-16,38406,18.1265869916159,84.1,91.9,77.0,8.0,0.0,7,False,True,False,False,False,False,1111,2016
2016-07-17,41347,20.46901306825969,83.1,93.0,77.0,5.1,0.0,7,False,False,True,False,False,False,1112,2016
2016-07-18,43687,15.443204690945436,86.3,97.0,77.0,8.5,0.0,7,True,False,False,False,False,False,1113,2016
2016-07-19,54593,15.406976474395371,80.2,97.0,75.9,10.9,0.12,7,False,False,False,False,True,False,1114,2016
2016-07-20,57225,15.270819571865449,77.9,88.0,71.1,7.2,0.0,7,False,False,False,False,False,True,1115,2016
2016-07-21,54842,15.428570560276189,80.9,91.0,71.1,8.3,0.0,7,False,False,False,True,False,False,1116,2016
2016-07-22,49191,15.72365439477411,85.1,98.1,75.0,11.3,0.0,7,False,False,False,False,False,False,1117,2016
2016-07-23,37523,18.09332764793148,89.5,99.0,75.9,11.0,0.0,7,False,True,False,False,False,False,1118,2016
2016-07-24,39637,21.143647349698515,85.2,99.0,75.9,7.0,0.0,7,False,False,True,False,False,False,1119,2016
2016-07-25,35379,14.396699077607249,84.3,93.9,75.9,8.2,0.02,7,True,False,False,False,False,False,1120,2016
2016-07-26,52912,15.439079666868258,81.7,93.9,75.0,8.3,0.77,7,False,False,False,False,True,False,1121,2016
2016-07-27,54163,15.90347500446184,84.5,93.9,75.0,6.6,0.0,7,False,False,False,False,False,True,1122,2016
2016-07-28,50151,14.930211428153644,84.7,93.9,77.0,6.1,0.0,7,False,False,False,True,False,False,1123,2016
2016-07-29,37703,15.571842205306387,78.1,93.9,71.1,8.3,0.89,7,False,False,False,False,False,False,1124,2016
2016-07-30,27780,17.54144768418527,78.4,84.9,71.1,7.2,0.13,7,False,True,False,False,False,False,1125,2016
2016-07-31,27651,16.085205477800677,77.7,84.0,75.0,8.1,0.18,7,False,False,True,False,False,False,1126,2016
2016-08-01,49401,15.414388710080097,74.2,82.9,71.1,10.4,0.57,8,True,False,False,False,False,False,1127,2016
2016-08-02,56764,14.986372231226364,74.2,80.1,71.1,10.5,0.0,8,False,False,False,False,True,False,1128,2016
2016-08-03,57003,15.262554017624804,74.2,81.0,68.0,7.5,0.0,8,False,False,False,False,False,True,1129,2016
2016-08-04,56604,16.34465114361765,75.6,84.0,68.0,5.9,0.0,8,False,False,False,True,False,False,1130,2016
2016-08-05,53297,16.13703210312025,77.4,86.0,70.0,8.1,0.0,8,False,False,False,False,False,False,1131,2016
2016-08-06,44213,19.816802750322303,80.8,91.0,72.0,8.8,0.0,8,False,True,False,False,False,False,1132,2016
2016-08-07,43631,19.05328894593293,81.5,91.0,73.9,9.2,0.0,8,False,False,True,False,False,False,1133,2016
2016-08-08,52262,15.647659229778167,80.8,89.1,73.9,7.1,0.0,8,True,False,False,False,False,False,1134,2016
2016-08-09,56112,14.844586125368306,80.8,89.1,75.0,6.5,0.0,8,False,False,False,False,True,False,1135,2016
2016-08-10,50114,14.844030942783792,81.5,89.1,75.0,9.3,0.01,8,False,False,False,False,False,True,1136,2016
2016-08-11,47430,14.217371565113504,86.8,97.0,75.9,7.2,0.05,8,False,False,False,True,False,False,1137,2016
2016-08-12,44750,16.51998696461825,86.5,98.1,75.9,7.9,0.56,8,False,False,False,False,False,False,1138,2016
2016-08-13,38912,18.487508566337727,89.2,98.1,75.9,7.0,0.07,8,False,True,False,False,False,False,1139,2016
2016-08-14,32961,17.395388489426896,90.7,97.0,82.0,8.6,0.0,8,False,False,True,False,False,False,1140,2016
2016-08-15,49063,14.42039724435929,84.6,98.1,78.1,5.6,0.01,8,True,False,False,False,False,False,1141,2016
2016-08-16,50426,14.790182643874193,84.9,93.0,78.1,9.0,0.0,8,False,False,False,False,True,False,1142,2016
2016-08-17,53989,15.480586786197192,82.8,91.0,78.1,11.7,0.13,8,False,False,False,False,False,True,1143,2016
2016-08-18,53218,15.552684242173704,80.3,88.0,75.0,5.4,0.02,8,False,False,False,True,False,False,1144,2016
2016-08-19,51669,16.083249143587057,81.6,89.1,75.0,6.6,0.0,8,False,False,False,False,False,False,1145,2016
2016-08-20,45817,21.147449636597774,79.0,89.1,75.0,6.3,0.02,8,False,True,False,False,False,False,1146,2016
2016-08-21,35051,20.343998269188702,80.7,89.1,75.0,9.7,0.12,8,False,False,True,False,False,False,1147,2016
2016-08-22,54404,15.145024569271865,76.0,89.1,71.1,15.1,0.13,8,True,False,False,False,False,False,1148,2016
2016-08-23,58674,16.09048641647067,74.3,84.0,66.9,6.4,0.0,8,False,False,False,False,True,False,1149,2016
2016-08-24,58154,15.984386571287732,78.6,89.1,66.9,6.4,0.0,8,False,False,False,False,False,True,1150,2016
2016-08-25,53487,16.07905721639526,78.6,89.1,71.1,10.6,0.0,8,False,False,False,True,False,False,1151,2016
2016-08-26,52037,16.2612874813434,83.6,91.0,73.0,8.7,0.01,8,False,False,False,False,False,False,1152,2016
2016-08-27,45674,19.99636226299426,82.4,91.0,75.9,8.2,0.0,8,False,True,False,False,False,False,1153,2016
2016-08-28,44639,19.58572735351,80.7,89.1,73.9,6.3,0.0,8,False,False,True,False,False,False,1154,2016
2016-08-29,53288,15.807719686733728,82.1,91.0,73.9,8.6,0.0,8,True,False,False,False,False,False,1155,2016
2016-08-30,57405,15.320482246029671,79.0,91.0,72.0,9.0,0.0,8,False,False,False,False,True,False,1156,2016
2016-08-31,57214,14.513126157933373,80.5,90.0,72.0,7.5,0.0,8,False,False,False,False,False,True,1157,2016
2016-09-01,38187,13.335008423459993,76.9,90.0,73.0,5.6,0.03,9,False,False,False,True,False,False,1158,2016
2016-09-02,53007,16.30920821778256,75.0,82.9,68.0,9.2,0.31,9,False,False,False,False,False,False,1159,2016
2016-09-03,41630,19.121974137240763,73.5,82.9,68.0,10.8,0.0,9,False,True,False,False,False,False,1160,2016
2016-09-04,46023,21.001488748379437,72.1,81.0,66.0,9.5,0.0,9,False,False,True,False,False,False,1161,2016
2016-09-05,45436,19.362901663878855,73.8,84.0,66.0,10.8,0.0,9,True,False,False,False,False,False,1162,2016
2016-09-06,52447,14.600942221035844,77.8,84.0,66.9,15.2,0.0,9,False,False,False,False,True,False,1163,2016
2016-09-07,60500,15.659115977961438,77.2,86.0,71.6,11.2,0.01,9,False,False,False,False,False,True,1164,2016
2016-09-08,61596,14.537538963569062,79.0,88.0,72.0,6.0,0.0,9,False,False,False,True,False,False,1165,2016
2016-09-09,56813,14.743081982410128,86.5,93.0,73.0,7.5,0.0,9,False,False,False,False,False,False,1166,2016
2016-09-10,48455,17.35795755511987,82.2,93.0,75.9,7.1,0.05,9,False,True,False,False,False,False,1167,2016
2016-09-11,52245,19.226808626024816,80.6,91.0,75.9,11.5,0.0,9,False,False,True,False,False,False,1168,2016
2016-09-12,61103,16.01317911286407,71.3,84.0,64.0,8.2,0.0,9,True,False,False,False,False,False,1169,2016
2016-09-13,64839,15.124181691060416,73.2,82.0,64.0,7.7,0.0,9,False,False,False,False,True,False,1170,2016
2016-09-14,59203,14.4035823072029,78.0,91.9,68.0,8.5,0.0,9,False,False,False,False,False,True,1171,2016
2016-09-15,67331,15.07135940354368,70.4,91.9,63.0,10.3,0.37,9,False,False,False,True,False,False,1172,2016
2016-09-16,65275,15.404889825098936,68.5,75.0,63.0,6.4,0.0,9,False,False,False,False,False,False,1173,2016
2016-09-17,59200,19.254599662162168,69.2,78.1,64.0,6.3,0.0,9,False,True,False,False,False,False,1174,2016
2016-09-18,51686,17.322673128764713,76.3,84.9,64.0,8.8,0.0,9,False,False,True,False,False,False,1175,2016
2016-09-19,34217,13.569371949615691,75.2,84.9,72.0,5.9,0.31,9,True,False,False,False,False,False,1176,2016
2016-09-20,64891,14.961962881344611,75.4,84.0,71.1,5.1,0.47,9,False,False,False,False,True,False,1177,2016
2016-09-21,65463,14.88910224096054,77.6,84.9,71.1,4.0,0.0,9,False,False,False,False,False,True,1178,2016
2016-09-22,67810,14.72663569778302,76.8,86.0,70.0,5.8,0.0,9,False,False,False,True,False,False,1179,2016
2016-09-23,65517,15.437967245142486,77.2,89.1,69.1,4.3,0.0,9,False,False,False,False,False,False,1180,2016
2016-09-24,53259,17.905720785845272,68.5,89.1,59.0,9.5,0.44,9,False,True,False,False,False,False,1181,2016
2016-09-25,53568,18.010823626045408,64.2,72.0,57.9,6.8,0.2,9,False,False,True,False,False,False,1182,2016
2016-09-26,61386,14.318692644359736,65.6,73.0,57.0,7.2,0.0,9,True,False,False,False,False,False,1183,2016
2016-09-27,61346,14.143505960725507,70.5,75.9,57.0,8.4,0.15,9,False,False,False,False,True,False,1184,2016
2016-09-28,59464,13.58711657473429,67.6,75.9,62.1,10.8,0.0,9,False,False,False,False,False,True,1185,2016
2016-09-29,55578,12.945873966917365,63.2,71.1,60.1,18.2,0.0,9,False,False,False,True,False,False,1186,2016
2016-09-30,21381,11.513554869588262,62.1,66.9,60.1,21.8,0.0,9,False,False,False,False,False,False,1187,2016
2017-04-01,23849,18.60382825275693,42.2,48.0,39.0,17.2,1.78,4,False,True,False,False,False,False,1370,2017
2017-04-02,39780,23.5137967152673,50.6,63.0,39.0,9.7,0.01,4,False,False,True,False,False,False,1371,2017
2017-04-03,43485,18.11945076846423,56.4,63.0,43.0,7.0,0.0,4,True,False,False,False,False,False,1372,2017
2017-04-04,29991,16.879809498405088,50.1,63.0,45.0,11.3,1.6,4,False,False,False,False,True,False,1373,2017
2017-04-05,47636,19.63189429563076,51.7,63.0,45.0,5.4,0.03,4,False,False,False,False,False,True,1374,2017
2017-04-06,18020,16.070371809100997,46.0,53.1,42.8,12.1,0.02,4,False,False,False,True,False,False,1375,2017
2017-04-07,35779,12.251440789289807,50.1,54.0,43.0,13.2,0.83,4,False,False,False,False,False,False,1376,2017
2017-04-08,35936,19.26489499851588,47.4,57.9,42.1,16.0,0.0,4,False,True,False,False,False,False,1377,2017
2017-04-09,43896,23.29974523115242,54.4,68.0,42.1,8.8,0.0,4,False,False,True,False,False,False,1378,2017
2017-04-10,50424,21.0183100639907,61.3,73.0,46.0,7.6,0.0,4,True,False,False,False,False,False,1379,2017
2017-04-11,57310,23.409557959634736,67.4,78.1,52.0,7.9,0.0,4,False,False,False,False,True,False,1380,2017
2017-04-12,51188,14.593362376598684,63.9,78.1,54.0,4.3,0.0,4,False,False,False,False,False,True,1381,2017
2017-04-13,52915,15.516411540520965,58.5,77.0,50.0,9.8,0.03,4,False,False,False,True,False,False,1382,2017
2017-04-14,52232,19.175458212079437,57.2,66.0,50.0,7.1,0.0,4,False,False,False,False,False,False,1383,2017
2017-04-15,42531,19.46838306176671,57.2,66.0,50.0,8.4,0.0,4,False,True,False,False,False,False,1384,2017
2017-04-16,48140,30.83477426949176,70.8,88.0,52.0,9.5,0.0,4,False,False,True,False,False,False,1385,2017
2017-04-17,53247,15.313219524104644,70.9,88.0,60.1,12.2,0.0,4,True,False,False,False,False,False,1386,2017
2017-04-18,53809,14.697618737881522,59.2,73.0,51.1,10.2,0.0,4,False,False,False,False,True,False,1387,2017
2017-04-19,45787,12.659509613354585,50.0,64.9,46.0,11.0,0.0,4,False,False,False,False,False,True,1388,2017
2017-04-20,44264,19.711147885414775,54.4,66.0,46.0,6.7,0.19,4,False,False,False,True,False,False,1389,2017
2017-04-21,39868,13.169335891776187,52.3,66.0,48.9,11.2,0.3,4,False,False,False,False,False,False,1390,2017
2017-04-22,34596,16.986248410220835,51.8,55.9,48.0,6.9,0.02,4,False,True,False,False,False,False,1391,2017
2017-04-23,49107,20.69660367496828,54.7,64.9,48.0,7.0,0.07,4,False,False,True,False,False,False,1392,2017
2017-04-24,48692,14.031161860949092,53.5,64.9,48.0,6.0,0.0,4,True,False,False,False,False,False,1393,2017
2017-04-25,20332,11.593425798413014,52.8,59.0,48.0,16.3,0.07,4,False,False,False,False,True,False,1394,2017
2017-04-26,37727,12.711058834963463,55.2,62.1,50.0,11.9,0.73,4,False,False,False,False,False,True,1395,2017
2017-04-27,52035,14.989963486115114,62.0,69.1,53.1,5.1,0.13,4,False,False,False,True,False,False,1396,2017
2017-04-28,62199,16.742810173797,66.6,84.9,55.0,5.9,0.01,4,False,False,False,False,False,False,1397,2017
2017-04-29,57701,22.421804936945055,76.9,88.0,55.0,8.8,0.06,4,False,True,False,False,False,False,1398,2017
2017-04-30,42928,17.93472442228848,64.7,88.0,55.9,10.1,0.0,4,False,False,True,False,False,False,1399,2017
2017-05-01,56218,15.693653574774396,55.9,73.0,50.0,9.3,0.0,5,True,False,False,False,False,False,1400,2017
2017-05-02,61207,17.97880797947948,70.5,78.1,50.0,12.9,0.0,5,False,False,False,False,True,False,1401,2017
2017-05-03,59252,17.574413240621972,64.3,78.1,61.0,14.1,0.0,5,False,False,False,False,False,True,1402,2017
2017-05-04,57429,16.835364246867144,57.7,66.9,51.1,8.9,0.0,5,False,False,False,True,False,False,1403,2017
2017-05-05,24009,12.928580254626736,56.0,66.0,51.1,11.4,0.01,5,False,False,False,False,False,False,1404,2017
2017-05-06,46618,17.841924792998416,62.4,66.9,53.1,13.8,2.31,5,False,True,False,False,False,False,1405,2017
2017-05-07,34293,15.37347709445076,56.1,66.9,53.1,12.2,0.01,5,False,False,True,False,False,False,1406,2017
2017-05-08,51553,14.057762561506276,53.4,62.1,48.0,12.5,0.0,5,True,False,False,False,False,False,1407,2017
2017-05-09,56461,13.922706528990512,55.6,64.0,48.0,9.2,0.0,5,False,False,False,False,True,False,1408,2017
2017-05-10,58454,15.4909829381508,56.8,64.9,48.9,6.2,0.0,5,False,False,False,False,False,True,1409,2017
2017-05-11,57208,13.885394525241225,57.1,64.9,52.0,6.4,0.0,5,False,False,False,True,False,False,1410,2017
2017-05-12,56675,14.965937068078226,56.5,64.0,52.0,6.9,0.0,5,False,False,False,False,False,False,1411,2017
2017-05-13,5704,19.46897206638617,53.2,55.9,48.0,11.1,0.13,5,False,True,False,False,False,False,1412,2017
2017-05-14,38729,17.567197707144512,55.4,70.0,46.9,13.4,1.61,5,False,False,True,False,False,False,1413,2017
2017-05-15,54715,14.220029547046815,61.7,70.0,46.9,17.8,0.01,5,True,False,False,False,False,False,1414,2017
2017-05-16,64504,15.439990026458306,68.8,82.9,54.0,10.3,0.0,5,False,False,False,False,True,False,1415,2017
2017-05-17,65794,17.138806476781056,79.2,93.9,59.0,6.8,0.0,5,False,False,False,False,False,True,1416,2017
2017-05-18,63753,15.253955892271737,88.1,97.0,66.0,10.1,0.0,5,False,False,False,True,False,False,1417,2017
2017-05-19,62143,15.827023156268613,87.9,97.0,80.1,11.0,0.0,5,False,False,False,False,False,False,1418,2017
2017-05-20,47859,18.145077205959176,67.3,96.1,61.0,10.9,0.01,5,False,True,False,False,False,False,1419,2017
2017-05-21,54874,21.245994763761832,62.4,71.1,57.0,7.9,0.0,5,False,False,True,False,False,False,1420,2017
2017-05-22,24627,12.423489124402757,59.8,71.1,57.0,7.5,0.11,5,True,False,False,False,False,False,1421,2017
2017-05-23,60032,15.906232786958068,63.4,70.0,57.0,4.9,0.53,5,False,False,False,False,True,False,1422,2017
2017-05-24,60622,16.64418527927155,62.8,70.0,57.0,7.4,0.03,5,False,False,False,False,False,True,1423,2017
2017-05-25,17495,11.630573497189674,58.4,69.1,55.9,11.7,0.1,5,False,False,False,True,False,False,1424,2017
2017-05-26,53768,17.633706541685267,63.5,75.9,55.9,11.1,0.89,5,False,False,False,False,False,False,1425,2017
2017-05-27,46534,20.08462092233636,67.4,75.9,57.0,8.0,0.12,5,False,True,False,False,False,False,1426,2017
2017-05-28,46727,24.947691199235276,64.5,72.0,57.9,6.8,0.0,5,False,False,True,False,False,False,1427,2017
2017-05-29,26322,15.230585315198947,59.1,71.1,55.9,9.5,0.13,5,True,False,False,False,False,False,1428,2017
2017-05-30,50194,14.5975521642693,58.3,64.0,55.0,7.6,0.03,5,False,False,False,False,True,False,1429,2017
2017-05-31,59495,15.222119785976414,63.1,78.1,55.0,6.6,0.08,5,False,False,False,False,False,True,1430,2017
2017-06-01,67403,15.789940111468828,69.4,82.0,57.9,6.9,0.05,6,False,False,False,True,False,False,1431,2017
2017-06-02,66907,16.272086378605128,70.6,82.0,60.1,8.8,0.0,6,False,False,False,False,False,False,1432,2017
2017-06-03,56264,19.403297549646904,66.1,79.0,59.0,9.2,0.0,6,False,True,False,False,False,False,1433,2017
2017-06-04,40138,17.706767070274218,66.0,73.9,59.0,6.3,0.0,6,False,False,True,False,False,False,1434,2017
2017-06-05,55883,15.63976999564567,61.8,71.1,59.0,7.9,0.06,6,True,False,False,False,False,False,1435,2017
2017-06-06,41268,12.379238554489357,58.0,66.9,55.0,11.5,0.02,6,False,False,False,False,True,False,1436,2017
2017-06-07,64453,15.883515119544477,58.6,70.0,52.0,8.0,0.03,6,False,False,False,False,False,True,1437,2017
2017-06-08,62653,15.59040562037466,63.9,71.1,52.0,5.4,0.0,6,False,False,False,True,False,False,1438,2017
2017-06-09,66506,19.48697310518349,66.7,82.9,55.9,7.2,0.0,6,False,False,False,False,False,False,1439,2017
2017-06-10,57087,21.40779103240083,78.1,88.0,55.9,7.6,0.0,6,False,True,False,False,False,False,1440,2017
2017-06-11,51427,20.40684011641096,83.7,93.9,66.9,9.0,0.0,6,False,False,True,False,False,False,1441,2017
2017-06-12,57871,15.694316669834627,86.7,96.1,75.0,8.5,0.0,6,True,False,False,False,False,False,1442,2017
2017-06-13,60921,15.213903798908971,89.7,100.9,75.9,8.5,0.0,6,False,False,False,False,True,False,1443,2017
2017-06-14,60513,17.423499633687527,78.8,93.9,71.6,7.8,0.48,6,False,False,False,False,False,True,1444,2017
2017-06-15,64763,18.4141395035231,70.7,82.9,64.0,8.1,0.02,6,False,False,False,True,False,False,1445,2017
2017-06-16,56403,16.594723684910374,65.6,75.9,63.0,9.1,0.0,6,False,False,False,False,False,False,1446,2017
2017-06-17,34900,18.477302769818525,67.0,73.9,63.0,7.0,0.0,6,False,True,False,False,False,False,1447,2017
2017-06-18,49472,22.722582807783525,75.3,84.0,64.0,8.8,1.26,6,False,False,True,False,False,False,1448,2017
2017-06-19,38310,16.131654920386318,78.5,87.1,70.0,11.1,0.0,6,True,False,False,False,False,False,1449,2017
2017-06-20,64673,17.394913127064868,76.9,87.1,70.0,11.0,1.23,6,False,False,False,False,True,False,1450,2017
2017-06-21,67218,17.4487094230712,80.3,87.1,70.0,8.7,0.01,6,False,False,False,False,False,True,1451,2017
2017-06-22,66308,17.513423719611506,77.1,87.1,68.0,7.6,0.0,6,False,False,False,True,False,False,1452,2017
2017-06-23,55323,16.401218601064055,81.2,87.1,68.0,9.3,0.0,6,False,False,False,False,False,False,1453,2017
2017-06-24,52153,20.70580375689477,79.5,87.1,70.0,10.0,0.96,6,False,True,False,False,False,False,1454,2017
2017-06-25,54655,23.203702009575206,78.2,86.0,70.0,7.1,0.18,6,False,False,True,False,False,False,1455,2017
2017-06-26,62669,20.131003366895914,74.0,84.0,66.9,9.0,0.0,6,True,False,False,False,False,False,1456,2017
2017-06-27,64767,16.471872764422205,71.2,81.0,62.1,7.7,0.16,6,False,False,False,False,True,False,1457,2017
2017-06-28,67752,19.71228303223521,71.5,81.0,62.1,10.1,0.0,6,False,False,False,False,False,True,1458,2017
2017-06-29,64272,17.414588000995767,76.2,82.9,64.0,10.9,0.0,6,False,False,False,True,False,False,1459,2017
2017-06-30,58662,19.612318025297466,80.2,89.1,69.1,11.7,0.0,6,False,False,False,False,False,False,1460,2017
2017-07-01,36737,23.083911315567413,79.0,89.1,73.9,9.4,0.0,7,False,True,False,False,False,False,1461,2017
2017-07-02,43036,26.901029370759364,79.8,91.0,73.0,7.4,0.07,7,False,False,True,False,False,False,1462,2017
2017-07-03,48193,21.41425587395127,83.3,91.0,73.0,7.2,0.0,7,True,False,False,False,False,False,1463,2017
2017-07-04,49924,25.360597441444327,77.8,90.0,70.0,4.2,0.12,7,False,False,False,False,True,False,1464,2017
2017-07-05,60321,18.006270895155364,76.7,87.1,70.0,7.6,0.0,7,False,False,False,False,False,True,1465,2017
2017-07-06,62147,17.693810642508883,74.5,84.9,69.1,7.1,0.0,7,False,False,False,True,False,False,1466,2017
2017-07-07,44068,15.803184094278542,72.4,82.0,68.0,8.4,0.01,7,False,False,False,False,False,False,1467,2017
2017-07-08,55015,20.278051137568536,78.5,87.1,68.0,7.5,2.13,7,False,True,False,False,False,False,1468,2017
2017-07-09,57118,20.39753813742312,76.3,87.1,70.0,8.5,0.0,7,False,False,True,False,False,False,1469,2017
2017-07-10,60907,16.56661275934348,78.7,88.0,70.0,8.0,0.0,7,True,False,False,False,False,False,1470,2017
2017-07-11,61671,15.852646841032794,80.5,89.1,72.0,8.5,0.0,7,False,False,False,False,True,False,1471,2017
2017-07-12,61786,15.48833770325532,84.2,91.0,75.0,9.1,0.0,7,False,False,False,False,False,True,1472,2017
2017-07-13,56475,17.33239220894201,86.0,93.9,78.1,9.1,0.0,7,False,False,False,True,False,False,1473,2017
2017-07-14,31851,16.518075308990824,69.8,93.9,64.9,8.4,0.01,7,False,False,False,False,False,False,1474,2017
2017-07-15,56499,18.99550464020012,73.7,86.0,64.9,6.9,0.47,7,False,True,False,False,False,False,1475,2017
2017-07-16,56833,21.489525158505327,78.0,86.0,66.9,6.6,0.01,7,False,False,True,False,False,False,1476,2017
2017-07-17,62555,16.636904857059125,80.1,87.1,71.1,7.2,0.0,7,True,False,False,False,False,False,1477,2017
2017-07-18,66234,16.65613607311451,80.5,88.0,75.0,7.9,0.0,7,False,False,False,False,True,False,1478,2017
2017-07-19,63915,16.21775509139743,84.8,93.9,75.9,7.6,0.0,7,False,False,False,False,False,True,1479,2017
2017-07-20,59663,15.186770136712312,87.2,98.1,77.0,5.0,0.0,7,False,False,False,True,False,False,1480,2017
2017-07-21,60072,15.763409741643368,84.4,98.1,77.0,8.7,0.0,7,False,False,False,False,False,False,1481,2017
2017-07-22,48011,18.96934383092765,85.3,93.9,77.0,7.5,0.0,7,False,True,False,False,False,False,1482,2017
2017-07-23,46942,17.480288796102993,76.4,91.0,72.0,5.4,0.6,7,False,False,True,False,False,False,1483,2017
2017-07-24,43792,15.022174521982707,70.2,80.1,64.0,11.1,0.46,7,True,False,False,False,False,False,1484,2017
2017-07-25,65336,14.882792283988405,65.8,73.0,62.1,9.1,0.45,7,False,False,False,False,True,False,1485,2017
2017-07-26,70323,16.075239964165355,70.5,78.1,62.1,7.5,0.0,7,False,False,False,False,False,True,1486,2017
2017-07-27,65769,14.640754762882208,72.2,78.1,64.9,7.9,0.0,7,False,False,False,True,False,False,1487,2017
2017-07-28,63899,15.266647887030055,76.9,84.0,66.9,5.8,0.0,7,False,False,False,False,False,False,1488,2017
2017-07-29,52947,17.363740155249584,73.3,84.0,68.0,13.2,0.0,7,False,True,False,False,False,False,1489,2017
2017-07-30,59342,19.02969734757844,72.9,82.0,66.0,7.0,0.0,7,False,False,True,False,False,False,1490,2017
2017-07-31,64218,14.699782252120382,77.7,89.1,66.0,5.3,0.0,7,True,False,False,False,False,False,1491,2017
2017-08-01,66677,17.666347716104006,81.3,91.0,70.0,5.1,0.0,8,False,False,False,False,True,False,1492,2017
2017-08-02,56184,20.02627616403248,79.6,91.0,69.1,6.1,0.0,8,False,False,False,False,False,True,1493,2017
2017-08-03,66149,19.157882205324334,76.2,88.0,69.1,6.2,0.08,8,False,False,False,True,False,False,1494,2017
2017-08-04,56394,18.53645541487865,78.1,87.1,70.0,10.0,0.1,8,False,False,False,False,False,False,1495,2017
2017-08-05,58971,24.419910068790863,76.3,84.9,70.0,10.0,0.82,8,False,True,False,False,False,False,1496,2017
2017-08-06,56476,22.546589996930845,72.0,80.1,66.0,10.9,0.16,8,False,False,True,False,False,False,1497,2017
2017-08-07,23395,12.287061337892707,70.2,78.1,66.0,5.8,0.0,8,True,False,False,False,False,False,1498,2017
2017-08-08,65233,18.12300497192117,70.3,80.1,64.9,7.1,0.43,8,False,False,False,False,True,False,1499,2017
2017-08-09,67884,21.83238416514445,76.5,84.9,64.9,5.2,0.0,8,False,False,False,False,False,True,1500,2017
2017-08-10,66249,16.363312905352032,77.5,86.0,68.0,6.0,0.0,8,False,False,False,True,False,False,1501,2017
2017-08-11,63140,19.479002481258583,75.9,86.0,71.1,7.7,0.0,8,False,False,False,False,False,False,1502,2017
2017-08-12,60540,23.132614524832068,71.8,82.0,64.9,5.9,0.17,8,False,True,False,False,False,False,1503,2017
2017-08-13,57518,21.752491393998415,76.8,84.9,64.9,8.0,0.16,8,False,False,True,False,False,False,1504,2017
2017-08-14,61482,23.30200654934236,76.6,84.9,71.1,5.8,0.0,8,True,False,False,False,False,False,1505,2017
2017-08-15,52461,15.56327303457172,73.2,77.0,69.1,5.3,0.32,8,False,False,False,False,True,False,1506,2017
2017-08-16,68436,17.916156457614896,76.8,86.0,69.1,4.8,0.12,8,False,False,False,False,False,True,1507,2017
2017-08-17,66656,17.59180243839014,76.4,86.0,70.0,7.0,0.0,8,False,False,False,True,False,False,1508,2017
2017-08-18,36620,17.119950391407247,77.3,82.9,70.0,7.7,0.01,8,False,False,False,False,False,False,1509,2017
2017-08-19,62442,24.200790600343787,80.1,89.1,73.0,7.5,0.9,8,False,True,False,False,False,False,1510,2017
2017-08-20,55442,20.311299496170175,78.7,89.1,71.1,10.4,0.0,8,False,False,True,False,False,False,1511,2017
2017-08-21,61059,18.411591520769534,80.8,88.0,71.1,6.7,0.0,8,True,False,False,False,False,False,1512,2017
2017-08-22,60541,19.689789839392585,81.5,91.0,75.0,8.6,0.0,8,False,False,False,False,True,False,1513,2017
2017-08-23,65070,20.25781414886533,78.2,84.0,73.4,11.1,0.25,8,False,False,False,False,False,True,1514,2017
2017-08-24,66307,19.99828223264512,75.2,82.0,69.1,6.8,0.02,8,False,False,False,True,False,False,1515,2017
2017-08-25,64217,16.98689365744274,72.3,81.0,66.0,6.0,0.0,8,False,False,False,False,False,False,1516,2017
2017-08-26,50109,19.13669001576563,71.0,78.1,64.0,5.7,0.0,8,False,True,False,False,False,False,1517,2017
2017-08-27,54598,22.603337423837253,70.2,77.0,64.0,7.1,0.0,8,False,False,True,False,False,False,1518,2017
2017-08-28,60886,16.823883706161247,69.8,77.0,64.0,9.3,0.0,8,True,False,False,False,False,False,1519,2017
2017-08-29,35152,14.879735150204825,66.5,75.0,64.0,11.6,0.0,8,False,False,False,False,True,False,1520,2017
2017-08-30,65329,16.343364100680148,67.5,80.1,61.0,10.6,0.32,8,False,False,False,False,False,True,1521,2017
2017-08-31,64881,15.472770148425582,74.0,82.0,61.0,9.8,0.01,8,False,False,False,True,False,False,1522,2017
2017-09-01,54881,16.895487205651012,65.4,82.0,55.9,10.7,0.0,9,False,False,False,False,False,False,1523,2017
2017-09-02,37812,21.40347993582284,63.2,72.0,55.9,7.9,0.0,9,False,True,False,False,False,False,1524,2017
2017-09-03,30955,20.100291283045287,62.6,72.0,55.9,9.8,0.79,9,False,False,True,False,False,False,1525,2017
2017-09-04,55285,22.74168038346749,71.3,82.0,59.0,11.2,0.4,9,True,False,False,False,False,False,1526,2017
2017-09-05,65445,17.344608959176913,76.4,84.9,64.0,8.8,0.0,9,False,False,False,False,True,False,1527,2017
2017-09-06,42295,13.882774953698227,69.9,84.9,62.1,7.0,0.0,9,False,False,False,False,False,True,1528,2017
2017-09-07,69519,16.865664782289734,65.4,73.0,60.8,8.3,0.44,9,False,False,False,True,False,False,1529,2017
2017-09-08,69574,15.893449181207538,67.5,75.0,61.0,10.6,0.0,9,False,False,False,False,False,False,1530,2017
2017-09-09,60155,18.967705926356917,63.7,73.0,57.9,9.1,0.0,9,False,True,False,False,False,False,1531,2017
2017-09-10,60711,18.79330022565927,65.0,73.0,59.0,9.7,0.0,9,False,False,True,False,False,False,1532,2017
2017-09-11,71917,16.345572674054814,67.7,78.1,59.0,5.1,0.0,9,True,False,False,False,False,False,1533,2017
2017-09-12,74580,15.460779476177708,71.9,82.0,59.0,2.9,0.0,9,False,False,False,False,True,False,1534,2017
2017-09-13,69566,16.056317022683498,74.0,84.0,63.0,4.9,0.0,9,False,False,False,False,False,True,1535,2017
2017-09-14,72071,14.615057373978438,75.1,84.0,66.9,7.0,0.02,9,False,False,False,True,False,False,1536,2017
2017-09-15,72297,17.24702039273183,76.6,82.9,70.0,6.3,0.0,9,False,False,False,False,False,False,1537,2017
2017-09-16,61036,18.3546879437272,74.2,82.0,69.1,5.8,0.0,9,False,True,False,False,False,False,1538,2017
2017-09-17,59967,18.680991767694454,72.8,81.0,69.1,5.1,0.0,9,False,False,True,False,False,False,1539,2017
2017-09-18,64130,14.658271479806643,70.6,81.0,68.0,8.7,0.0,9,True,False,False,False,False,False,1540,2017
2017-09-19,57910,13.970031658320382,72.3,78.1,68.0,13.7,0.0,9,False,False,False,False,True,False,1541,2017
2017-09-20,71150,15.325442492386973,73.9,78.1,69.1,13.3,0.19,9,False,False,False,False,False,True,1542,2017
2017-09-21,67742,15.094857449342117,75.8,79.0,71.1,10.2,0.0,9,False,False,False,True,False,False,1543,2017
2017-09-22,70127,17.24045541184803,73.8,81.0,68.0,11.5,0.0,9,False,False,False,False,False,False,1544,2017
2017-09-23,62687,21.87894433189231,76.5,86.0,68.0,10.0,0.0,9,False,True,False,False,False,False,1545,2017
2017-09-24,57458,18.536830380451807,79.5,91.0,70.0,3.5,0.0,9,False,False,True,False,False,False,1546,2017
2017-09-25,69200,14.692419315992288,77.5,91.0,71.1,5.5,0.0,9,True,False,False,False,False,False,1547,2017
2017-09-26,71518,14.116304053991067,73.7,86.0,68.0,5.6,0.0,9,False,False,False,False,True,False,1548,2017
2017-09-27,69897,14.354635868969098,75.0,84.0,68.0,7.2,0.0,9,False,False,False,False,False,True,1549,2017
2017-09-28,70883,14.30654552807678,74.1,84.0,68.0,11.8,0.0,9,False,False,False,True,False,False,1550,2017
2017-09-29,67177,14.8322694771524,63.3,77.0,57.0,9.0,0.0,9,False,False,False,False,False,False,1551,2017
2017-09-30,50153,15.510478602144106,62.1,70.0,55.9,9.4,0.0,9,False,True,False,False,False,False,1552,2017
2017-10-01,55505,20.97570459117796,58.8,70.0,52.0,6.8,0.0,10,False,False,True,False,False,False,1553,2017
2017-10-02,65511,16.05565808286649,64.5,73.9,52.0,4.8,0.0,10,True,False,False,False,False,False,1554,2017
2017-10-03,69105,15.444736270892118,64.0,73.9,55.9,5.2,0.0,10,False,False,False,False,True,False,1555,2017
2017-10-04,71454,17.47994490628003,64.8,75.0,57.9,6.8,0.0,10,False,False,False,False,False,True,1556,2017
2017-10-05,70174,15.332242473470703,73.0,84.0,57.9,9.5,0.0,10,False,False,False,True,False,False,1557,2017
2017-10-06,70257,26.95417348686489,74.7,84.0,66.0,7.0,0.0,10,False,False,False,False,False,False,1558,2017
2017-10-07,63635,26.91243524265996,72.4,82.0,66.0,6.4,0.0,10,False,True,False,False,False,False,1559,2017
2017-10-08,41044,27.22905337361532,74.0,82.0,66.0,9.3,0.0,10,False,False,True,False,False,False,1560,2017
2017-10-09,38391,15.025982218054574,73.9,80.1,71.1,9.0,0.39,10,True,False,False,False,False,False,1561,2017
2017-10-10,74118,15.892096161975944,75.1,81.0,69.1,8.4,0.21,10,False,False,False,False,True,False,1562,2017
2017-10-11,63589,15.352759911305416,70.8,81.0,68.0,7.0,0.0,10,False,False,False,False,False,True,1563,2017
2017-10-12,61248,21.15688566701497,62.7,78.1,59.0,14.4,0.07,10,False,False,False,True,False,False,1564,2017
2017-10-13,67020,17.568579279816973,59.1,68.0,53.1,11.2,0.03,10,False,False,False,False,False,False,1565,2017
2017-10-14,58777,22.402013826269904,65.7,73.0,53.1,6.6,0.03,10,False,True,False,False,False,False,1566,2017
2017-10-15,56529,16.60703119932542,69.8,75.0,62.1,6.8,0.0,10,False,False,True,False,False,False,1567,2017
2017-10-16,61730,13.429257519304498,62.6,75.0,55.0,14.0,0.01,10,True,False,False,False,False,False,1568,2017
2017-10-17,64480,14.584902036807284,51.8,71.1,45.0,8.7,0.0,10,False,False,False,False,True,False,1569,2017
2017-10-18,70234,16.483878415961875,60.0,73.9,45.0,6.2,0.0,10,False,False,False,False,False,True,1570,2017
2017-10-19,72311,15.95540789091563,64.7,73.9,52.0,7.9,0.0,10,False,False,False,True,False,False,1571,2017
2017-10-20,72173,17.638841856834752,66.9,73.9,57.9,9.7,0.0,10,False,False,False,False,False,False,1572,2017
2017-10-21,65874,18.13027598141908,67.7,79.0,59.0,4.6,0.0,10,False,True,False,False,False,False,1573,2017
2017-10-22,62150,20.691869670152848,66.7,75.9,57.9,4.5,0.0,10,False,False,True,False,False,False,1574,2017
2017-10-23,69274,16.22145971071398,66.9,75.9,57.9,7.1,0.0,10,True,False,False,False,False,False,1575,2017
2017-10-24,48077,13.248867788478206,70.8,75.9,61.0,17.4,0.04,10,False,False,False,False,True,False,1576,2017
2017-10-25,71287,16.31944510686848,64.8,75.9,61.0,5.5,0.09,10,False,False,False,False,False,True,1577,2017
2017-10-26,64003,14.974387398507355,58.0,68.0,53.1,10.5,0.0,10,False,False,False,True,False,False,1578,2017
2017-10-27,69268,18.718623799349395,55.7,63.0,51.1,8.9,0.0,10,False,False,False,False,False,False,1579,2017
2017-10-28,61348,21.18242349655518,60.9,68.0,51.1,9.0,0.0,10,False,True,False,False,False,False,1580,2017
2017-10-29,9537,14.52838593547936,64.0,68.0,54.0,10.3,0.1,10,False,False,True,False,False,False,1581,2017
2017-10-30,49247,13.980375454342395,57.1,68.0,46.9,15.9,2.79,10,True,False,False,False,False,False,1582,2017
2017-10-31,60242,13.936887055542645,53.8,62.1,46.9,13.2,0.05,10,False,False,False,False,True,False,1583,2017
2017-11-01,60773,14.487495269280773,51.4,57.9,46.9,7.8,0.0,11,False,False,False,False,False,True,1584,2017
2017-11-02,70810,15.926368921527088,63.0,72.0,46.9,6.7,0.0,11,False,False,False,True,False,False,1585,2017
2017-11-03,71818,17.543681946030247,66.1,75.0,57.9,7.6,0.0,11,False,False,False,False,False,False,1586,2017
2017-11-04,53435,21.4153441876423,53.1,75.0,48.0,10.3,0.0,11,False,True,False,False,False,False,1587,2017
2017-11-05,34943,14.415929752263214,54.8,61.0,48.0,7.8,0.02,11,False,False,True,False,False,False,1588,2017
2017-11-06,57606,14.303749898737395,62.6,66.0,52.0,7.8,0.08,11,True,False,False,False,False,False,1589,2017
2017-11-07,36362,14.375742991767966,48.0,66.0,42.1,10.3,0.0,11,False,False,False,False,True,False,1590,2017
2017-11-08,54211,14.70585459285631,43.4,51.1,39.9,9.5,0.6,11,False,False,False,False,False,True,1591,2017
2017-11-09,58417,15.011814768531991,47.6,55.9,39.9,6.5,0.0,11,False,False,False,True,False,False,1592,2017
2017-11-10,38432,13.714919858451298,44.4,55.9,30.9,15.2,0.0,11,False,False,False,False,False,False,1593,2017
2017-11-11,28142,13.736916945016938,31.0,37.9,26.1,11.3,0.0,11,False,True,False,False,False,False,1594,2017
2017-11-12,32471,14.865645755699957,39.5,46.9,26.1,4.3,0.0,11,False,False,True,False,False,False,1595,2017
2017-11-13,38753,12.488074901728032,45.4,50.0,34.0,6.2,0.0,11,True,False,False,False,False,False,1596,2017
2017-11-14,52279,13.640246561716944,43.0,50.0,39.0,8.3,0.05,11,False,False,False,False,True,False,1597,2017
2017-11-15,54230,12.71487276415268,43.5,51.1,37.9,7.4,0.0,11,False,False,False,False,False,True,1598,2017
2017-11-16,49737,13.12145016118115,52.2,59.0,37.9,10.2,0.7,11,False,False,False,True,False,False,1599,2017
2017-11-17,48991,14.67311649078402,45.5,59.0,41.0,16.8,0.08,11,False,False,False,False,False,False,1600,2017
2017-11-18,27745,14.609453354958852,44.0,52.0,36.0,7.2,0.0,11,False,True,False,False,False,False,1601,2017
2017-11-19,31598,15.503607823279957,53.5,60.1,36.0,15.7,0.33,11,False,False,True,False,False,False,1602,2017
2017-11-20,45121,12.479933216610156,43.1,60.1,37.0,13.1,0.02,11,True,False,False,False,False,False,1603,2017
2017-11-21,52451,15.001825831093146,49.1,59.0,37.0,11.2,0.0,11,False,False,False,False,True,False,1604,2017
2017-11-22,32298,15.141786901149707,51.7,59.0,43.0,8.7,0.0,11,False,False,False,False,False,True,1605,2017
2017-11-23,13705,17.551150431715925,38.7,55.0,34.0,10.9,0.16,11,False,False,False,True,False,False,1606,2017
2017-11-24,23724,18.908367054459628,43.0,51.1,34.0,5.7,0.0,11,False,False,False,False,False,False,1607,2017
2017-11-25,30518,25.398836205954957,48.6,57.9,37.0,6.9,0.0,11,False,True,False,False,False,False,1608,2017
2017-11-26,27181,13.695223992249492,49.3,57.9,42.1,13.0,0.0,11,False,False,True,False,False,False,1609,2017
2017-11-27,46733,13.079298711117763,45.3,53.1,42.1,12.9,0.0,11,True,False,False,False,False,False,1610,2017
2017-11-28,51170,13.056802488437238,44.0,53.1,37.0,8.1,0.0,11,False,False,False,False,True,False,1611,2017
2017-11-29,55295,13.357888898936007,54.4,64.0,37.0,10.4,0.0,11,False,False,False,False,False,True,1612,2017
2017-11-30,51700,11.952303352675694,44.2,64.0,39.9,7.3,0.0,11,False,False,False,True,False,False,1613,2017
2017-12-01,50708,12.975768452052272,50.4,54.0,39.9,9.3,0.02,12,False,False,False,False,False,False,1614,2017
2017-12-02,38923,14.49177093235362,44.2,53.1,39.9,5.5,0.0,12,False,True,False,False,False,False,1615,2017
2017-12-03,33728,13.151542239879824,45.3,48.0,39.9,5.0,0.0,12,False,False,True,False,False,False,1616,2017
2017-12-04,49630,12.86065921149842,45.5,52.0,39.9,5.0,0.0,12,True,False,False,False,False,False,1617,2017
2017-12-05,41792,12.43363004083716,53.8,60.1,39.9,11.4,0.0,12,False,False,False,False,True,False,1618,2017
2017-12-06,46335,12.19723427214848,50.1,60.1,41.0,11.9,0.69,12,False,False,False,False,False,True,1619,2017
2017-12-07,45367,12.20689047104724,42.7,59.0,39.9,13.2,0.0,12,False,False,False,True,False,False,1620,2017
2017-12-08,41330,11.662685700459711,39.1,46.0,36.0,8.7,0.0,12,False,False,False,False,False,False,1621,2017
2017-12-09,10804,13.785826237196098,35.2,41.0,30.9,6.8,0.0,12,False,True,False,False,False,False,1622,2017
2017-12-10,19815,13.854088653377069,35.0,39.9,30.9,10.9,0.34,12,False,False,True,False,False,False,1623,2017
2017-12-11,41838,12.989079704256095,38.0,43.0,32.0,9.4,0.0,12,True,False,False,False,False,False,1624,2017
2017-12-12,42620,12.225013295792277,44.5,51.8,39.0,9.6,0.0,12,False,False,False,False,True,False,1625,2017
2017-12-13,32623,11.803366234456265,29.2,51.1,21.9,21.0,0.0,12,False,False,False,False,False,True,1626,2017
2017-12-14,27495,13.303009031945203,28.3,33.1,21.9,11.2,0.05,12,False,False,False,True,False,False,1627,2017
2017-12-15,22944,11.740416521385402,25.5,33.1,23.0,6.5,0.02,12,False,False,False,False,False,False,1628,2017
2017-12-16,19060,12.256758481986706,30.9,39.9,23.0,12.9,0.13,12,False,True,False,False,False,False,1629,2017
2017-12-17,22403,11.635068220030057,35.7,39.9,25.0,5.9,0.0,12,False,False,True,False,False,False,1630,2017
2017-12-18,40168,12.761259792206063,38.4,46.9,33.1,5.7,0.02,12,True,False,False,False,False,False,1631,2017
2017-12-19,49503,11.826513207953727,50.2,55.9,34.0,10.9,0.0,12,False,False,False,False,True,False,1632,2017
2017-12-20,41463,14.186231097605097,47.7,55.9,39.9,14.3,0.0,12,False,False,False,False,False,True,1633,2017
2017-12-21,37592,11.657265286940486,37.2,53.1,34.0,9.2,0.0,12,False,False,False,True,False,False,1634,2017
2017-12-22,34341,14.511359113984255,40.1,51.1,34.0,6.3,0.0,12,False,False,False,False,False,False,1635,2017
2017-12-23,9608,17.30497502081597,41.2,53.1,36.0,7.4,0.05,12,False,True,False,False,False,False,1636,2017
2017-12-24,13216,13.15060532687651,40.3,53.1,37.0,10.1,0.49,12,False,False,True,False,False,False,1637,2017
2017-12-25,6479,16.74848742089829,36.3,41.0,32.0,15.8,0.23,12,True,False,False,False,False,False,1638,2017
2017-12-26,14113,11.752530763598571,27.0,39.0,24.1,16.4,0.22,12,False,False,False,False,True,False,1639,2017
2017-12-27,16365,13.723589978612894,22.8,28.9,19.0,10.5,0.0,12,False,False,False,False,False,True,1640,2017
2017-12-28,13420,11.014924242424248,17.3,25.0,14.0,15.2,0.0,12,False,False,False,True,False,False,1641,2017
2017-12-29,13759,10.915011992150594,15.5,21.9,12.0,12.0,0.0,12,False,False,False,False,False,False,1642,2017
2017-12-30,5956,12.390043653458694,20.0,23.0,18.0,7.8,0.0,12,False,True,False,False,False,False,1643,2017
2017-12-31,6569,13.172436190186229,22.0,23.0,19.9,13.6,0.48,12,False,False,True,False,False,False,1644,2017
2018-01-01,5500,20.7718,12.6,21.9,8.1,15.1,0.0,1,True,False,False,False,False,False,1645,2018
2018-01-02,18818,11.343925142593973,18.4,26.1,8.1,12.3,0.0,1,False,False,False,False,True,False,1646,2018
2018-01-03,24299,11.210897567801144,22.6,30.0,14.0,7.5,0.0,1,False,False,False,False,False,True,1647,2018
2018-01-04,1922,17.328407908428723,26.1,30.0,17.1,17.0,0.02,1,False,False,False,True,False,False,1648,2018
2018-01-05,4972,16.160857468490217,16.7,28.9,10.0,22.4,0.0,1,False,False,False,False,False,False,1649,2018
2018-01-06,4295,29.80572370974001,11.8,19.9,8.1,19.8,0.0,1,False,True,False,False,False,False,1650,2018
2018-01-07,5640,12.76256796690307,10.8,18.0,6.1,11.7,0.0,1,False,False,True,False,False,False,1651,2018
2018-01-08,15821,17.417178644417756,22.2,30.9,6.1,9.4,0.0,1,True,False,False,False,False,False,1652,2018
2018-01-09,25091,13.09497030807859,35.5,43.0,18.0,11.2,0.0,1,False,False,False,False,True,False,1653,2018
2018-01-10,28252,11.869496554816177,34.2,43.0,26.1,6.1,0.0,1,False,False,False,False,False,True,1654,2018
2018-01-11,33961,12.063514030800038,40.1,46.9,26.1,4.8,0.0,1,False,False,False,True,False,False,1655,2018
2018-01-12,22254,13.361270632994811,47.9,60.1,35.1,9.4,0.01,1,False,False,False,False,False,False,1656,2018
2018-01-13,17760,11.608766891891888,41.7,60.1,25.0,14.4,0.79,1,False,True,False,False,False,False,1657,2018
2018-01-14,12399,23.557887732881667,20.0,25.0,16.0,13.8,0.11,1,False,False,True,False,False,False,1658,2018
2018-01-15,17637,11.038549639961444,21.6,30.0,15.1,12.2,0.0,1,True,False,False,False,False,False,1659,2018
2018-01-16,30278,11.388798247352316,27.9,33.1,16.0,6.9,0.0,1,False,False,False,False,True,False,1660,2018
2018-01-17,19010,10.392363668244782,33.8,36.0,24.1,7.9,0.05,1,False,False,False,False,False,True,1661,2018
2018-01-18,27662,11.015991251536404,26.0,36.0,19.9,12.4,0.12,1,False,False,False,True,False,False,1662,2018
2018-01-19,30525,11.87358667758668,31.2,39.0,19.9,9.6,0.0,1,False,False,False,False,False,False,1663,2018
2018-01-20,28507,14.60850492861402,43.4,54.0,26.1,11.0,0.0,1,False,True,False,False,False,False,1664,2018
2018-01-21,27908,14.16123154650996,46.1,54.0,37.0,5.3,0.0,1,False,False,True,False,False,False,1665,2018
2018-01-22,36865,20.77364709073647,42.1,52.0,37.9,7.1,0.0,1,True,False,False,False,False,False,1666,2018
2018-01-23,28797,13.397511314836038,44.8,59.0,35.6,9.1,0.03,1,False,False,False,False,True,False,1667,2018
2018-01-24,36078,11.514989744442596,42.9,60.1,34.0,14.2,0.28,1,False,False,False,False,False,True,1668,2018
2018-01-25,31147,11.391361928917709,29.5,45.0,24.1,14.6,0.0,1,False,False,False,True,False,False,1669,2018
2018-01-26,33073,11.978674447434468,32.0,39.0,24.1,6.6,0.0,1,False,False,False,False,False,False,1670,2018
2018-01-27,34351,22.878358708625655,42.1,57.0,28.0,7.8,0.0,1,False,True,False,False,False,False,1671,2018
2018-01-28,20101,21.784186524716844,50.3,57.0,35.1,6.4,0.19,1,False,False,True,False,False,False,1672,2018
2018-01-29,36799,11.98114894426479,42.8,54.0,39.0,8.8,0.08,1,True,False,False,False,False,False,1673,2018
2018-01-30,27996,10.918298447397245,34.2,44.1,30.0,11.2,0.06,1,False,False,False,False,True,False,1674,2018
2018-01-31,31276,11.032208402609028,26.2,37.0,19.0,13.0,0.0,1,False,False,False,False,False,True,1675,2018
2018-02-01,35561,11.316653543676129,36.9,45.0,19.0,8.1,0.0,2,False,False,False,True,False,False,1676,2018
2018-02-02,26313,10.905258490733356,33.4,45.0,21.9,13.7,0.23,2,False,False,False,False,False,False,1677,2018
2018-02-03,18385,12.369982775813616,22.4,39.0,17.1,13.5,0.18,2,False,True,False,False,False,False,1678,2018
2018-02-04,13959,11.171521360173845,34.8,45.0,17.1,8.2,0.0,2,False,False,True,False,False,False,1679,2018
2018-02-05,29068,12.037206435484611,37.4,46.9,30.0,12.6,1.01,2,True,False,False,False,False,False,1680,2018
2018-02-06,34102,11.4551678298438,31.6,41.0,28.0,6.1,0.0,2,False,False,False,False,True,False,1681,2018
2018-02-07,15289,10.588302047223491,32.8,46.9,28.0,8.3,0.0,2,False,False,False,False,False,True,1682,2018
2018-02-08,31564,17.388288345372356,32.8,46.9,26.1,12.9,0.85,2,False,False,False,True,False,False,1683,2018
2018-02-09,31567,11.61065036272056,30.8,36.0,26.1,8.2,0.0,2,False,False,False,False,False,False,1684,2018
2018-02-10,16324,15.006767132238831,42.0,51.1,28.0,5.5,0.0,2,False,True,False,False,False,False,1685,2018
2018-02-11,8809,11.403112347220643,45.6,60.1,37.9,4.7,0.82,2,False,False,True,False,False,False,1686,2018
2018-02-12,35139,18.19409156018479,48.1,63.0,41.0,11.4,0.99,2,True,False,False,False,False,False,1687,2018
2018-02-13,35189,11.132938797161993,33.0,41.0,27.0,9.9,0.0,2,False,False,False,False,True,False,1688,2018
2018-02-14,39591,13.461018918441058,40.5,54.0,27.0,6.8,0.01,2,False,False,False,False,False,True,1689,2018
2018-02-15,44193,12.132828351398036,51.0,61.0,36.0,6.8,0.13,2,False,False,False,True,False,False,1690,2018
2018-02-16,29191,11.969708129217908,56.1,61.0,44.1,9.1,0.16,2,False,False,False,False,False,False,1691,2018
2018-02-17,17921,15.17622807507022,36.0,59.0,30.0,11.3,0.05,2,False,True,False,False,False,False,1692,2018
2018-02-18,21538,17.153192806512518,37.6,45.0,30.0,8.8,0.62,2,False,False,True,False,False,False,1693,2018
2018-02-19,25677,12.832399293790813,41.5,48.9,33.1,5.6,0.02,2,True,False,False,False,False,False,1694,2018
2018-02-20,44480,17.409540242805754,53.9,70.0,33.1,6.9,0.03,2,False,False,False,False,True,False,1695,2018
2018-02-21,53115,30.362447833317628,61.8,79.0,46.9,7.7,0.0,2,False,False,False,False,False,True,1696,2018
2018-02-22,27010,11.093625200543007,50.6,79.0,37.9,10.1,0.02,2,False,False,False,True,False,False,1697,2018
2018-02-23,25634,12.696981222855069,37.8,41.0,37.0,9.1,0.11,2,False,False,False,False,False,False,1698,2018
2018-02-24,25550,14.260973255055449,46.7,54.0,36.0,7.4,0.07,2,False,True,False,False,False,False,1699,2018
2018-02-25,16150,19.66062435500517,42.3,54.0,39.9,9.6,0.62,2,False,False,True,False,False,False,1700,2018
2018-02-26,42570,12.37954936966565,46.1,52.0,39.9,6.4,0.22,2,True,False,False,False,False,False,1701,2018
2018-02-27,48516,14.211650452084536,47.3,57.0,39.9,7.5,0.0,2,False,False,False,False,True,False,1702,2018
2018-02-28,50709,15.028157723481035,49.5,62.1,39.9,9.2,0.0,2,False,False,False,False,False,True,1703,2018
2018-03-01,45564,13.900288970824922,54.5,62.1,42.1,6.0,0.0,3,False,False,False,True,False,False,1704,2018
2018-03-02,6855,13.452285436421104,41.9,57.9,35.6,19.1,1.47,3,False,False,False,False,False,False,1705,2018
2018-03-03,28364,16.372609646030178,40.6,46.9,36.0,20.1,0.71,3,False,True,False,False,False,False,1706,2018
2018-03-04,25262,13.329999604148524,41.9,46.9,37.9,16.6,0.0,3,False,False,True,False,False,False,1707,2018
2018-03-05,36774,11.714059752361273,37.5,44.1,35.1,15.7,0.0,3,True,False,False,False,False,False,1708,2018
2018-03-06,42689,13.188295189236886,39.5,46.9,34.0,8.2,0.0,3,False,False,False,False,True,False,1709,2018
2018-03-07,8188,10.351335287412471,36.6,41.0,33.8,14.7,0.1,3,False,False,False,False,False,True,1710,2018
2018-03-08,28440,11.289906235349276,37.4,42.1,34.0,12.7,0.8,3,False,False,False,True,False,False,1711,2018
2018-03-09,34912,12.983422128017107,36.8,44.1,30.9,14.0,0.0,3,False,False,False,False,False,False,1712,2018
2018-03-10,25444,14.89608814127758,37.4,44.1,30.9,14.0,0.0,3,False,True,False,False,False,False,1713,2018
2018-03-11,27597,24.68953388653356,38.9,46.0,33.1,10.3,0.0,3,False,False,True,False,False,False,1714,2018
2018-03-12,36340,13.356089708310398,38.2,46.0,33.1,10.5,0.0,3,True,False,False,False,False,False,1715,2018
2018-03-13,23137,11.048184005417008,37.3,43.0,33.1,14.1,0.21,3,False,False,False,False,True,False,1716,2018
2018-03-14,35377,11.430208421667562,36.7,42.1,32.0,16.3,0.05,3,False,False,False,False,False,True,1717,2018
2018-03-15,39574,21.854904314280425,38.6,48.0,32.0,15.0,0.0,3,False,False,False,True,False,False,1718,2018
2018-03-16,34921,12.061142292603304,37.6,48.0,34.0,16.7,0.0,3,False,False,False,False,False,False,1719,2018
2018-03-17,27672,17.893754818348263,36.4,48.0,28.9,14.8,0.0,3,False,True,False,False,False,False,1720,2018
2018-03-18,25158,14.37547499801256,37.4,48.0,28.9,11.6,0.0,3,False,False,True,False,False,False,1721,2018
2018-03-19,39278,12.724122070030724,39.8,46.9,30.0,7.0,0.0,3,True,False,False,False,False,False,1722,2018
2018-03-20,35532,11.492039569965105,35.9,46.9,30.9,9.8,0.0,3,False,False,False,False,True,False,1723,2018
2018-03-21,3755,12.19300488237905,35.7,39.9,30.9,15.1,0.0,3,False,False,False,False,False,True,1724,2018
2018-03-22,27308,11.820652067770125,39.6,51.1,32.0,13.8,0.64,3,False,False,False,True,False,False,1725,2018
2018-03-23,38528,13.433641767026575,42.7,51.1,33.1,11.0,0.01,3,False,False,False,False,False,False,1726,2018
2018-03-24,34398,20.730486268581508,43.3,51.1,37.0,10.2,0.0,3,False,True,False,False,False,False,1727,2018
2018-03-25,25562,12.97419542028532,40.4,51.1,35.1,11.0,0.0,3,False,False,True,False,False,False,1728,2018
2018-03-26,40295,12.76764652355544,40.4,50.0,34.0,9.1,0.0,3,True,False,False,False,False,False,1729,2018
2018-03-27,41354,12.178721526333607,39.4,50.0,34.0,5.8,0.0,3,False,False,False,False,True,False,1730,2018
2018-03-28,42520,12.539774223894636,43.7,52.0,35.1,5.5,0.04,3,False,False,False,False,False,True,1731,2018
2018-03-29,39293,16.08956175400198,49.6,53.1,39.0,5.2,0.03,3,False,False,False,True,False,False,1732,2018
2018-03-30,34787,13.8627538064986,50.1,60.1,43.0,6.3,0.02,3,False,False,False,False,False,False,1733,2018
2018-03-31,41794,26.894350066197703,47.1,60.1,39.9,10.7,0.04,3,False,True,False,False,False,False,1734,2018
2018-04-01,33149,21.496862147676648,50.4,59.0,39.9,11.0,0.0,4,False,False,True,False,False,False,1735,2018
2018-04-02,22063,16.39775491395851,39.8,59.0,32.0,8.1,0.4,4,True,False,False,False,False,False,1736,2018
2018-04-03,25881,10.721902811586364,40.8,44.1,32.0,7.0,0.15,4,False,False,False,False,True,False,1737,2018
2018-04-04,36753,12.154555637181549,45.9,57.0,39.0,9.3,0.28,4,False,False,False,False,False,True,1738,2018
2018-04-05,39814,13.378084760804406,41.6,57.0,35.1,18.2,0.11,4,False,False,False,True,False,False,1739,2018
2018-04-06,35624,13.139786847817952,44.8,62.1,35.1,10.7,0.0,4,False,False,False,False,False,False,1740,2018
2018-04-07,33245,14.377386574422223,45.7,62.1,37.0,10.5,0.09,4,False,True,False,False,False,False,1741,2018
2018-04-08,28410,14.941405021705974,38.9,48.9,33.1,12.2,0.0,4,False,False,True,False,False,False,1742,2018
2018-04-09,40509,11.92559924954948,38.7,48.9,33.1,10.6,0.0,4,True,False,False,False,False,False,1743,2018
2018-04-10,43051,11.534113803008832,43.2,50.0,33.1,7.9,0.0,4,False,False,False,False,True,False,1744,2018
2018-04-11,48612,12.483800981924905,44.4,52.0,37.9,6.9,0.0,4,False,False,False,False,False,True,1745,2018
2018-04-12,53168,13.598826988664865,50.6,60.1,37.9,8.1,0.0,4,False,False,False,True,False,False,1746,2018
2018-04-13,63510,24.079607935758148,65.4,82.0,46.0,11.1,0.0,4,False,False,False,False,False,False,1747,2018
2018-04-14,62597,22.908648178027704,61.6,82.0,51.1,9.4,0.0,4,False,True,False,False,False,False,1748,2018
2018-04-15,20440,12.307435583822569,44.4,69.1,39.0,18.4,0.0,4,False,False,True,False,False,False,1749,2018
2018-04-16,26289,13.66021212928094,46.6,61.0,39.0,18.1,1.24,4,True,False,False,False,False,False,1750,2018
2018-04-17,44689,11.757871437415618,46.2,61.0,39.9,13.8,1.62,4,False,False,False,False,True,False,1751,2018
2018-04-18,51110,13.195589251940268,44.7,55.0,39.0,11.6,0.0,4,False,False,False,False,False,True,1752,2018
2018-04-19,38298,11.33556190923808,46.2,55.0,39.0,9.9,0.07,4,False,False,False,True,False,False,1753,2018
2018-04-20,47052,16.00011937147553,43.2,50.0,37.9,16.3,0.08,4,False,False,False,False,False,False,1754,2018
2018-04-21,63599,23.50345314653795,48.8,62.1,37.9,10.4,0.0,4,False,True,False,False,False,False,1755,2018
2018-04-22,54284,21.240274298135724,55.2,64.9,41.0,8.1,0.0,4,False,False,True,False,False,False,1756,2018
2018-04-23,57767,16.767890548813913,53.5,64.9,45.0,7.8,0.0,4,True,False,False,False,False,False,1757,2018
2018-04-24,58527,14.893794601921618,54.8,66.0,45.0,7.9,0.0,4,False,False,False,False,True,False,1758,2018
2018-04-25,31214,17.28646280515153,56.1,66.0,46.0,10.4,0.42,4,False,False,False,False,False,True,1759,2018
2018-04-26,66077,16.63759326240598,59.6,70.0,50.0,9.9,0.29,4,False,False,False,True,False,False,1760,2018
2018-04-27,39154,12.328815276429822,54.5,70.0,48.9,8.1,0.17,4,False,False,False,False,False,False,1761,2018
2018-04-28,56745,21.09956912503305,56.7,66.0,48.9,6.2,0.05,4,False,True,False,False,False,False,1762,2018
2018-04-29,44837,18.70150656823605,54.2,66.0,50.0,10.6,0.22,4,False,False,True,False,False,False,1763,2018
2018-04-30,41075,13.162267397037942,49.0,57.9,44.1,15.8,0.15,4,True,False,False,False,False,False,1764,2018
2018-05-01,72035,17.44585085953587,60.3,82.0,44.1,7.8,0.0,5,False,False,False,False,True,False,1765,2018
2018-05-02,76773,16.612234987126552,76.9,89.1,66.0,10.3,0.0,5,False,False,False,False,False,True,1766,2018
2018-05-03,69056,20.43685897435898,82.3,93.0,64.9,10.8,0.0,5,False,False,False,True,False,False,1767,2018
2018-05-04,71199,17.76182647696362,75.8,93.0,68.0,5.5,0.01,5,False,False,False,False,False,False,1768,2018
2018-05-05,63329,24.555012974571955,70.3,84.0,61.0,11.2,0.0,5,False,True,False,False,False,False,1769,2018
2018-05-06,48993,17.533699031834477,62.6,75.9,57.0,7.6,0.0,5,False,False,True,False,False,False,1770,2018
2018-05-07,68917,17.65035283988953,62.1,75.0,54.0,5.6,0.0,5,True,False,False,False,False,False,1771,2018
2018-05-08,74313,18.978155908118367,61.8,75.0,54.0,5.9,0.0,5,False,False,False,False,True,False,1772,2018
2018-05-09,78458,18.083681502629865,63.5,73.9,54.0,4.8,0.0,5,False,False,False,False,False,True,1773,2018
2018-05-10,67455,16.107224816544363,59.4,73.9,54.0,6.5,0.0,5,False,False,False,True,False,False,1774,2018
2018-05-11,75266,18.95946753292766,65.1,73.0,55.9,8.3,0.19,5,False,False,False,False,False,False,1775,2018
2018-05-12,34535,16.28217412287052,59.2,73.0,54.0,7.3,0.06,5,False,True,False,False,False,False,1776,2018
2018-05-13,25986,17.894076297493523,53.6,64.0,52.0,7.3,0.14,5,False,False,True,False,False,False,1777,2018
2018-05-14,64729,15.904303326175285,58.4,71.1,52.0,5.0,0.1,5,True,False,False,False,False,False,1778,2018
2018-05-15,52826,16.032164085866807,69.1,91.9,52.0,9.4,0.02,5,False,False,False,False,True,False,1779,2018
2018-05-16,32766,12.527345927689272,62.9,70.0,55.9,6.7,0.44,5,False,False,False,False,False,True,1780,2018
2018-05-17,49789,15.305948770478086,60.2,73.4,55.0,6.0,0.64,5,False,False,False,True,False,False,1781,2018
2018-05-18,63113,17.442503657460964,64.9,73.0,55.0,8.9,0.02,5,False,False,False,False,False,False,1782,2018
2018-05-19,18026,15.370868930063978,54.4,66.9,50.0,10.7,0.2,5,False,True,False,False,False,False,1783,2018
2018-05-20,56949,23.55147090671772,66.7,84.0,50.0,7.1,0.44,5,False,False,True,False,False,False,1784,2018
2018-05-21,71220,22.67974164560517,68.9,84.0,55.0,7.6,0.0,5,True,False,False,False,False,False,1785,2018
2018-05-22,48508,13.9505438965394,64.6,79.0,55.9,5.0,0.0,5,False,False,False,False,True,False,1786,2018
2018-05-23,72655,19.20066960291789,66.2,82.0,55.9,5.1,0.42,5,False,False,False,False,False,True,1787,2018
2018-05-24,74810,19.32832419908211,74.5,86.0,57.0,7.6,0.21,5,False,False,False,True,False,False,1788,2018
2018-05-25,69345,20.336381378133485,77.9,89.1,66.0,9.6,0.0,5,False,False,False,False,False,False,1789,2018
2018-05-26,51597,32.98850740676137,82.3,91.9,68.0,9.3,0.0,5,False,True,False,False,False,False,1790,2018
2018-05-27,25814,23.99578846104181,68.8,91.9,59.0,11.2,0.12,5,False,False,True,False,False,False,1791,2018
2018-05-28,49043,22.907766313914987,60.2,82.0,55.9,8.3,0.41,5,True,False,False,False,False,False,1792,2018
2018-05-29,69090,17.065852511217255,72.8,87.1,55.9,6.0,0.0,5,False,False,False,False,True,False,1793,2018
2018-05-30,72321,16.61602323898545,69.0,87.1,63.0,7.8,0.0,5,False,False,False,False,False,True,1794,2018
2018-05-31,55794,13.872895532375049,64.0,77.0,60.1,7.1,0.0,5,False,False,False,True,False,False,1795,2018
